Employee Number,Person ID,Legal First Name,Middle Name,Legal Last Name,Preferred Name,Pronouns,Gender,Date of Birth,Marital Status,Number of Dependents,Nationality,Ethnicity,Veteran Status,Disability Status,Religion,Work Email,Personal Email,Work Phone,Mobile Phone,Home Address Line 1,Home Address Line 2,Home City,Home State/Province,Home Postal Code,Home Country,Emergency Contact Name,Emergency Contact Relationship,Emergency Contact Phone,National ID (SSN/NI/SIN/PAN),Tax ID / Steuer-ID,Passport Number,Passport Expiry,Work Authorization,Work Permit Type,Work Permit Number,Work Permit Expiry,Driver License Number,Driver License Class,Driver License Expiry,Hire Date,Original Hire Date,Seniority Date,Probation End Date,Employment Status,Leave Type,Leave Start Date,Expected Return Date,Termination Date,Termination Reason,Eligible for Rehire,Employment Type,Contract End Date,FTE,Standard Weekly Hours,Shift,Work Arrangement,Job Title,Job Level,Job Family,Department,Division,Cost Center,Legal Entity,Work Location,Work Location Address,Time Zone,Manager Employee Number,Manager Name,Manager Email,Pay Type,FLSA Status,Pay Frequency,Currency,Annual Base Salary,Hourly Rate,Bonus Target %,Commission Plan,Equity Grant (Units),Last Raise Date,Last Raise %,Last Performance Review Date,Performance Rating,Bank Name,IBAN,Bank Account Number,Routing / Sort / IFSC Code,Tax Filing Status,Benefits Plan,Retirement Plan,Annual Leave Balance (days),Sick Leave Balance (days),Union Member,Highest Education,University,Languages,Skills,Certifications,T-Shirt Size,Dietary Requirements,Laptop Serial,Badge Number,Parking Spot,LinkedIn URL,Notes
MF00001,f4067ade-3586-7c64-b1bf-a2d258f1ab52,Elizabeth,,Okafor,Liz,she/her,Female,1980-08-22,Divorced,0,Indian,,Not a protected veteran,No,,liz.okafor@meridianfreight.example,liz.okafor72@outlook.com,,+1 (501) 555-0152,7372 2nd St,"Flat 22, Block C",Chicago,IL,60657,United States,Mary Adams,Mother,+1 (927) 555-0123,992-83-8749,,M9109171,2033-07-03,Work permit,H-1B,E93633452,2027-12-20,C185-3212-1617,,,2008-05-13,2008-05-13,2008-05-13,2008-08-11,Active,,,,,,,Full-time,,1.0,40.0,,Remote,Chief Executive Officer,C,Leadership,Executive,Corporate,CC-100-CHI,Meridian Freight Inc.,Chicago HQ,"233 S Wacker Dr, Chicago, IL 60606",America/Chicago,,,,Salaried,Exempt,Bi-weekly,USD,463600.00,,60,,,2025-11-28,9.4,2026-05-25,Needs improvement,Chase,,027217940,462136141,Head of household,PPO Gold,401(k) 4%,25.7,1.0,No,Bachelor's degree,University of Illinois,English,Project management; Excel; Communication,,S,,C0215UC04LM0,B-61471,CHI-P2-110,,Returning after parental leave
MF00002,fb367bcb-fbb9-71ff-8d3b-d4da2a9378fa,Jamal,,Washington,,he/him,Male,1988-08-11,Widowed,0,American,Black or African American,Protected veteran,No,,jamal.washington@meridianfreight.example,jamal_washington36@yahoo.com,+1 (312) 555-0100 ext. 3344,+1 (387) 555-0143,2308 Park Pl,,Chicago,IL,60616,United States,Carol Washington,Mother,+1 (644) 555-0181,938-78-5952,,L7149883,2031-04-06,Citizen,,,,,,,2023-08-14,2023-08-14,2023-08-14,2023-11-12,Active,,,,,,,Full-time,,1.0,40.0,,Hybrid,Chief Financial Officer,C,Leadership,Executive,Corporate,CC-100-CHI,Meridian Freight Inc.,Chicago HQ,"233 S Wacker Dr, Chicago, IL 60606",America/Chicago,MF00001,Liz Okafor,liz.okafor@meridianfreight.example,Salaried,Exempt,Bi-weekly,USD,355800.00,,60,,21500,,,2026-06-06,Meets expectations,US Bank,,011518355,939688091,Head of household,HDHP + HSA,401(k) 8%,0.8,10.9,No,Bachelor's degree,DePaul University,English,Communication; Project management; Excel,,L,,C02Q883WUS5T,B-79206,CHI-P2-124,https://www.linkedin.com/in/jamal-washington-392,
MF00003,64ebe2b9-8b1b-7e15-8eed-6c4357953d62,Matthew,,Smith,,he/him,Male,1982-07-03,Single,0,American,,Prefer not to say,No,,matthew.smith@meridianfreight.example,matthew.smith7@proton.me,,+1 (506) 555-0107,5941 Madison Ave,,Chicago,IL,60627,United States,James Harris,Friend,+1 (205) 555-0154,919-84-1298,,B1693503,2033-03-23,Citizen,,,,,,,2021-03-06,2021-03-06,2021-03-06,2021-06-04,Active,,,,,,,Full-time,,1.0,40.0,,Hybrid,Chief Operating Officer,C,Leadership,Executive,Corporate,CC-100-CHI,Meridian Freight Inc.,Chicago HQ,"233 S Wacker Dr, Chicago, IL 60606",America/Chicago,MF00001,Liz Okafor,liz.okafor@meridianfreight.example,Salaried,Exempt,Bi-weekly,USD,347500.00,,60,,30000,2024-11-01,4.4,2026-08-08,Needs improvement,US Bank,,097603711,935641190,Married filing jointly,HMO,401(k) 5%,22.6,2.3,No,Master's degree,Purdue University,English,Project management; Communication; Excel,,,,C02BUR7NHD86,B-75246,,,Returning after parental leave
MF00004,56f7bd09-74e8-7c92-b96e-110b2ee1abac,Omar,B.,Lewis,,he/him,Male,1965-04-18,Divorced,2,American,Two or more races,Not a protected veteran,No,,omar.lewis@meridianfreight.example,omar.lewis45@gmail.com,,+1 (780) 555-0120,1282 Oak St,,Schaumburg,IL,60137,United States,Mei Ramirez,Mother,+1 (939) 555-0176,940-73-1563,,K9716393,2032-03-27,Citizen,,,,,,,2021-05-24,2021-05-24,2021-05-24,2021-08-22,Active,,,,,,,Full-time,,1.0,40.0,,Hybrid,Chief Technology Officer,C,Leadership,Executive,Corporate,CC-100-CHI,Meridian Freight Inc.,Chicago HQ,"233 S Wacker Dr, Chicago, IL 60606",America/Chicago,MF00001,Liz Okafor,liz.okafor@meridianfreight.example,Salaried,Exempt,Bi-weekly,USD,442900.00,,60,,29500,2025-11-10,9.4,2026-04-14,Outstanding,Chase,,062779875,861405022,Single,HDHP + HSA,401(k) 6%,1.4,5.3,No,MBA,University of Manchester,English,Excel; Communication; Project management,PMP,L,,C02D7KVLYNFZ,B-86086,,,Internal transfer
MF00005,85a7757a-1ab5-784e-8b30-7a9ae1093852,Kevin,,Mitchell,,he/him,Male,1980-11-23,Domestic partnership,3,American,Prefer not to say,Protected veteran,Yes,,kevin.mitchell@meridianfreight.example,kevinmitchell@hotmail.com,,+1 (787) 555-0137,5125 Willow Way,Unit 12,Evanston,IL,60277,United States,Lisa Martin,Partner,+1 (459) 555-0114,919-88-8013,,,,Citizen,,,,,,,2014-10-26,2014-10-26,2014-10-26,2015-01-24,Active,,,,,,,Full-time,,1.0,40.0,,Hybrid,Chief People Officer,C,Leadership,Executive,Corporate,CC-100-CHI,Meridian Freight Inc.,Chicago HQ,"233 S Wacker Dr, Chicago, IL 60606",America/Chicago,MF00001,Liz Okafor,liz.okafor@meridianfreight.example,Salaried,Exempt,Bi-weekly,USD,444700.00,,60,,6000,2025-12-13,8.6,2026-01-23,Meets expectations,Citibank,,098607099,702838755,Head of household,Waived,401(k) 6%,6.4,6.1,No,Bachelor's degree,Universität Hamburg,English,Communication; Project management; Excel,,M,,C02JFCRWWCSV,B-84524,,https://www.linkedin.com/in/kevin-mitchell-764,Converted from contractor
MF00006,1e95db4b-d407-7b00-9359-c5622a712f6e,Andrew,,Patel,,they/them,Non-binary,1979-06-20,Single,0,Mexican,Black or African American,Not a protected veteran,No,,andrew.patel@meridianfreight.example,andrew_patel82@outlook.com,,+1 (217) 555-0159,6994 Elm St,Apt 4B,Schaumburg,IL,60183,United States,Robert Patel,Sibling,+1 (743) 555-0171,979-77-5203,,,,Work permit,H-1B,W56002055,2028-01-06,,,,2015-01-08,2015-01-08,2015-01-08,2015-04-08,Active,,,,,,,Full-time,,1.0,40.0,,Onsite,Chief Commercial Officer,C,Leadership,Executive,Corporate,CC-100-CHI,Meridian Freight Inc.,Chicago HQ,"233 S Wacker Dr, Chicago, IL 60606",America/Chicago,MF00001,Liz Okafor,liz.okafor@meridianfreight.example,Salaried,Exempt,Bi-weekly,USD,358900.00,,60,,15000,2025-04-18,5.0,2025-12-20,Outstanding,PNC,,015841725,161768651,Head of household,PPO Silver,401(k) 6%,13.3,7.5,No,Master's degree,DePaul University,English,Project management; Communication; Excel,PMP,,,C02B9PHA2SE1,B-15615,,,
MF00007,369e6a0d-89b5-74a1-950f-199a3bd508b2,Kimberly,,Washington,,she/her,Female,1974-04-17,Single,1,American,White,Protected veteran,No,,kimberly.washington@meridianfreight.example,kimberly.washington@yahoo.com,+1 (312) 555-0100 ext. 4568,+1 (505) 555-0118,8499 Washington Blvd,Unit 12,Evanston,IL,60280,United States,Thomas Allen,Sibling,+1 (955) 555-0103,963-82-2085,,,,Citizen,,,,B453-3699-1510,,,2008-10-26,2008-10-26,2008-10-26,2009-01-24,Active,,,,,,,Full-time,,1.0,40.0,,Hybrid,General Counsel,C,Legal,Legal & Compliance,Corporate,CC-230-CHI,Meridian Freight Inc.,Chicago HQ,"233 S Wacker Dr, Chicago, IL 60606",America/Chicago,MF00001,Liz Okafor,liz.okafor@meridianfreight.example,Salaried,Exempt,Bi-weekly,USD,427000.00,,60,,25500,2025-06-23,6.3,2026-04-20,Outstanding,Wells Fargo,,088079658,386271806,Single,HDHP + HSA,401(k) 10%,3.5,0.5,No,High school diploma,,English; Polish,Excel; Project management; Communication,,,,C02L9XVZAH1Z,B-81004,,,
MF00008,188d3bdc-5636-72ff-a53d-7e0f72ce7b63,Ashley,N.,Harris,,she/her,Female,1964-10-28,Married,0,American,,Protected veteran,No,,ashley.harris@meridianfreight.example,ashley.harris97@icloud.com,+1 (312) 555-0100 ext. 1133,+1 (796) 555-0126,1133 Cedar Ln,,Schaumburg,IL,60118,United States,Thomas Flores,Friend,+1 (871) 555-0168,979-77-5283,,M2811312,2032-03-29,Citizen,,,,,,,2015-08-23,2015-08-23,2015-08-23,2015-11-21,Active,,,,,,,Full-time,,1.0,40.0,,Hybrid,"VP, Finance",VP,Finance,Finance,Corporate,CC-210-CHI,Meridian Freight Inc.,Chicago HQ,"233 S Wacker Dr, Chicago, IL 60606",America/Chicago,MF00002,Jamal Washington,jamal.washington@meridianfreight.example,Salaried,Exempt,Bi-weekly,USD,264300.00,,40,,,,,2026-07-16,Exceeds expectations,Wells Fargo,,030258983,845671310,Single,Waived,401(k) 5%,2.1,5.0,No,PhD,Visvesvaraya Technological University,English,NetSuite; IFRS; US GAAP,,L,,C024Q7LLDX8H,B-95154,,,
MF00009,7aca51ca-bfed-77b7-a30e-b8a87b28d60f,Ashley,,Miller,,she/her,Female,1972-05-23,Married,0,Indian,Two or more races,Protected veteran,No,,ashley.miller@meridianfreight.example,ashleymiller5@yahoo.com,+1 (312) 555-0100 ext. 3732,+1 (646) 555-0127,6709 Highland Ave,"Flat 22, Block C",Naperville,IL,60588,United States,Carlos Miller,Father,+1 (370) 555-0121,964-83-3078,,A4702124,2027-03-14,Work permit,H-1B,E83937522,2028-04-14,,,,2026-11-15,2026-05-21,2026-11-15,2027-02-13,Pre-hire,,,,,,,Full-time,,1.0,40.0,,Hybrid,"VP, People",VP,Human Resources,People,Corporate,CC-220-CHI,Meridian Freight Inc.,Chicago HQ,"233 S Wacker Dr, Chicago, IL 60606",America/Chicago,MF00005,Kevin Mitchell,kevin.mitchell@meridianfreight.example,Salaried,Exempt,Bi-weekly,USD,286700.00,,40,,,,,,,PNC,,065900753,330220670,Single,PPO Silver,401(k) 4%,24.2,10.9,No,Bachelor's degree,University of Manchester,English,Communication; Project management; Excel,CIPD Level 5,L,,C02Q16VTA7HS,B-96157,CHI-P2-089,https://www.linkedin.com/in/ashley-miller-646,Referred by an employee
MF00010,fec7d688-c281-7707-a8ec-43bca55a501f,Mei,J.,Adams,,she/her,Female,1972-08-15,Domestic partnership,2,American,Hispanic or Latino,Not a protected veteran,No,,mei.adams@meridianfreight.example,mei_adams@hotmail.com,,+1 (654) 555-0168,408 Pine Ridge Rd,,Schaumburg,IL,60138,United States,Hunter Martin,Father,+1 (792) 555-0180,931-88-3464,,A2380460,2035-03-29,Citizen,,,,,,,2020-12-23,2020-12-23,2020-12-23,2021-03-23,Active,,,,,,,Full-time,,1.0,40.0,,Hybrid,"VP, Legal & Compliance",VP,Legal,Legal & Compliance,Corporate,CC-230-CHI,Meridian Freight Inc.,Chicago HQ,"233 S Wacker Dr, Chicago, IL 60606",America/Chicago,MF00007,Kimberly Washington,kimberly.washington@meridianfreight.example,Salaried,Exempt,Bi-weekly,USD,246400.00,,40,,5000,2026-03-12,3.6,2026-03-16,Needs improvement,Chase,,035682885,247464728,Married filing jointly,PPO Gold,401(k) 3%,27.9,11.6,No,MBA,University of Illinois,English,Excel; Project management; Communication,CIPP/E,L,,C024X2YM1Z6J,B-92820,,,Returning after parental leave
MF00011,966ab1db-b48e-780d-a83a-a65286ce18c1,Steven,,Rodriguez,,he/him,Male,1981-11-05,Widowed,0,American,Prefer not to say,Prefer not to say,No,,steven.rodriguez@meridianfreight.example,steven.rodriguez37@outlook.com,+1 (312) 555-0100 ext. 2402,+1 (226) 555-0102,7502 Sunset Blvd,,Schaumburg,IL,60193,United States,Brittany Rodriguez,Father,+1 (481) 555-0121,997-85-4986,,,,Citizen,,,,,,,2011-05-06,2011-05-06,2011-05-06,2011-08-04,Active,,,,,,,Full-time,,1.0,40.0,,Hybrid,"VP, Engineering",VP,Software Engineering,Engineering,Technology,CC-310-CHI,Meridian Freight Inc.,Chicago HQ,"233 S Wacker Dr, Chicago, IL 60606",America/Chicago,MF00004,Omar Lewis,omar.lewis@meridianfreight.example,Salaried,Exempt,Bi-weekly,USD,254100.00,,40,,,2025-05-23,4.6,2026-02-16,Exceeds expectations,Bank of America,,041790043,156072320,Head of household,HMO,401(k) 3%,0.1,6.7,No,High school diploma,,English; Turkish,React; AWS; Go,CKA (Kubernetes),M,Kosher,C02T5Y7SV3EN,B-57735,CHI-P3-034,,
MF00012,b6ad1b12-e207-7bd4-beab-ebc22b5526ef,Kevin,D.,Thompson,,he/him,Male,1973-01-16,Divorced,2,American,Two or more races,Not a protected veteran,Prefer not to say,,kevin.thompson@meridianfreight.example,kevinthompson69@gmail.com,,+1 (890) 555-0107,6496 Pine Ridge Rd,Apt 4B,Chicago,IL,60657,United States,Matthew Rivera,Mother,+1 (683) 555-0188,944-88-4669,,M9148217,2035-01-11,Citizen,,,,W344-6643-8589,,,2013-04-28,2013-04-28,2013-04-28,2013-07-27,Terminated,,,,2021-08-15,Involuntary - performance,No,Full-time,,1.0,40.0,,Onsite,"VP, Data & Analytics",VP,Data,Data & Analytics,Technology,CC-320-CHI,Meridian Freight Inc.,Chicago HQ,"233 S Wacker Dr, Chicago, IL 60606",America/Chicago,MF00004,Omar Lewis,omar.lewis@meridianfreight.example,Salaried,Exempt,Bi-weekly,USD,293500.00,,40,,12500,2026-05-15,5.6,2026-06-08,Exceeds expectations,PNC,,045892896,374764572,Head of household,HMO,401(k) 6%,25.0,8.3,No,High school diploma,,English,Looker; dbt; Statistics,Google Data Analytics,M,,C02FWF7A68Y5,B-82378,,https://www.linkedin.com/in/kevin-thompson-173,
MF00013,36b5fec0-6c28-739e-a56e-2a5571368d11,Kevin,,Allen,,he/him,Male,1989-07-22,Married,3,American,Asian,Not a protected veteran,No,,kevin.allen@meridianfreight.example,kevinallen32@yahoo.com,+1 (312) 555-0100 ext. 3722,+1 (923) 555-0192,139 Washington Blvd,2. OG,Chicago,IL,60637,United States,Jamal Sanchez,Friend,+1 (345) 555-0149,949-79-4024,,,,Citizen,,,,,,,2024-04-03,2024-04-03,2024-04-03,2024-07-02,Active,,,,,,,Full-time,,1.0,40.0,,Onsite,"VP, IT",VP,IT,IT,Technology,CC-330-CHI,Meridian Freight Inc.,Chicago HQ,"233 S Wacker Dr, Chicago, IL 60606",America/Chicago,MF00004,Omar Lewis,omar.lewis@meridianfreight.example,Salaried,Exempt,Bi-weekly,USD,298300.00,,40,,,2026-02-23,5.7,2026-04-08,Meets expectations,PNC,,063416866,974396623,Head of household,PPO Gold,401(k) 4%,6.8,7.8,No,Bachelor's degree,Northwestern University,English; Portuguese,Excel; Communication; Project management,,,,C024AC30YCPT,B-49848,,,
MF00014,cda1e96f-29c9-7815-a197-6368418bc897,Maria,,Brown,,she/her,Female,1969-07-22,Domestic partnership,0,American,Asian,Not a protected veteran,No,,maria.brown@meridianfreight.example,maria_brown@hotmail.com,+1 (312) 555-0100 ext. 3058,+1 (922) 555-0156,9094 Cedar Ln,,Naperville,IL,60520,United States,Omar Brown,Spouse,+1 (508) 555-0155,970-73-8129,,Z7421906,2036-05-02,Citizen,,,,,,,2006-07-12,2006-07-12,2006-07-12,2006-10-10,Active,,,,,,,Full-time,,1.0,40.0,,Onsite,"VP, Product",VP,Product,Product,Technology,CC-340-CHI,Meridian Freight Inc.,Chicago HQ,"233 S Wacker Dr, Chicago, IL 60606",America/Chicago,MF00004,Omar Lewis,omar.lewis@meridianfreight.example,Salaried,Exempt,Bi-weekly,USD,267700.00,,40,,23000,2026-06-25,7.7,2025-12-08,Meets expectations,Wells Fargo,,022972204,379311023,Single,PPO Silver,401(k) 3%,19.7,7.7,No,Bachelor's degree,Purdue University,English,Communication; Excel; Project management,,S,,C02W7SM40QDH,B-52734,,,Internal transfer
MF00015,5893bc06-6bad-7eb8-b881-adda3842c563,Hiroshi,M.,Mitchell,,he/him,Male,1977-06-24,Single,0,American,Prefer not to say,Protected veteran,Prefer not to say,,hiroshi.mitchell@meridianfreight.example,hiroshi.mitchell@gmail.com,,+1 (730) 555-0183,470 Lakeview Dr,Apt 4B,Schaumburg,IL,60164,United States,Mary Nelson,Mother,+1 (858) 555-0110,948-80-1566,,C6891190,2029-10-09,Citizen,,,,,,,2007-08-05,2007-08-05,2007-08-05,2007-11-03,Active,,,,,,,Full-time,,1.0,40.0,,Hybrid,"VP, Operations",VP,Logistics Operations,Operations,Operations,CC-410-CHI,Meridian Freight Inc.,Chicago HQ,"233 S Wacker Dr, Chicago, IL 60606",America/Chicago,MF00003,Matthew Smith,matthew.smith@meridianfreight.example,Salaried,Exempt,Bi-weekly,USD,313200.00,,40,,22000,2025-05-12,6.7,2026-02-21,Outstanding,PNC,,080571459,188565975,Head of household,PPO Silver,401(k) 6%,23.5,11.1,No,Vocational certificate,,English,Incoterms; TMS; Customs brokerage,,XS,,C02HDPXGLPM4,B-92162,,https://www.linkedin.com/in/hiroshi-mitchell-608,
MF00016,33287c5d-62a1-7127-8b17-8ed71d2d0c01,Tyler,,Williams,,he/him,Male,1979-01-01,,0,American,,Not a protected veteran,No,,tyler.williams@meridianfreight.example,tyler_williams@gmail.com,+1 (312) 555-0100 ext. 2530,+1 (585) 555-0169,8404 Maple Ave,,Evanston,IL,60284,United States,Keisha Williams,Mother,+1 (544) 555-0100,913-84-2673,,C3141458,2034-08-26,Citizen,,,,,,,2024-11-05,2024-11-05,2024-11-05,2025-02-03,Active,,,,,,,Full-time,,1.0,40.0,Day (06:00-14:30),Onsite,"VP, Warehouse",VP,Warehouse,Warehouse,Operations,CC-420-CHI,Meridian Freight Inc.,Chicago HQ,"233 S Wacker Dr, Chicago, IL 60606",America/Chicago,MF00003,Matthew Smith,matthew.smith@meridianfreight.example,Salaried,Exempt,Bi-weekly,USD,311200.00,,40,,21500,,,2025-12-22,Outstanding,PNC,,041267177,246062709,Head of household,HDHP + HSA,401(k) 8%,13.9,1.4,No,PhD,DePaul University,English; Portuguese,WMS; Inventory counts; Forklift certified,OSHA 10,XXL,,C02KH5BJMRE1,B-22456,,,
MF00017,ae934851-6c1f-7b7d-917f-b3c64713579c,Susan,,Davis,,she/her,Female,1971-07-09,Married,2,American,Black or African American,Prefer not to say,No,,susan.davis@meridianfreight.example,susan_davis@hotmail.com,+1 (312) 555-0100 ext. 4367,+1 (808) 555-0181,2023 Oak St,,Evanston,IL,60219,United States,Hiroshi Davis,Sibling,+1 (987) 555-0164,973-79-2608,,,,Citizen,,,,E201-8022-8474,CDL Class A,2028-03-21,2025-08-05,2025-08-05,2025-08-05,2025-11-03,Active,,,,,,,Full-time,,1.0,40.0,Rotating,Onsite,"VP, Fleet",VP,Transport,Fleet,Operations,CC-430-CHI,Meridian Freight Inc.,Chicago HQ,"233 S Wacker Dr, Chicago, IL 60606",America/Chicago,MF00003,Matthew Smith,matthew.smith@meridianfreight.example,Salaried,Exempt,Bi-weekly,USD,250200.00,,40,,18000,2026-06-30,9.1,2025-11-09,Meets expectations,Chase,,055128440,352567048,Married filing jointly,HDHP + HSA,401(k) 6%,9.8,1.7,Yes,Bachelor's degree,Visvesvaraya Technological University,English,Hazmat endorsement; CDL-A; DOT regulations,ASE Diesel,XL,,C021XS163SQR,B-25359,CHI-P1-210,https://www.linkedin.com/in/susan-davis-133,
MF00018,32f347ef-c5a5-7a32-a669-285694743d7a,Carlos,S.,Wright,,he/him,Male,1975-09-09,Married,0,American,Asian,Not a protected veteran,Prefer not to say,,carlos.wright@meridianfreight.example,carloswright37@proton.me,+1 (312) 555-0100 ext. 1356,+1 (269) 555-0187,3218 Elm St,,Chicago,IL,60684,United States,Kimberly Chen,Spouse,+1 (904) 555-0143,927-84-5458,,L2410209,2030-06-25,Citizen,,,,,,,2018-05-25,2018-05-25,2018-05-25,2018-08-23,Active,,,,,,,Full-time,,1.0,40.0,,Hybrid,"VP, Customer Success",VP,Customer Service,Customer Success,Commercial,CC-510-CHI,Meridian Freight Inc.,Chicago HQ,"233 S Wacker Dr, Chicago, IL 60606",America/Chicago,MF00006,Andrew Patel,andrew.patel@meridianfreight.example,Salaried,Exempt,Bi-weekly,USD,263400.00,,40,,12000,,,2026-04-10,Outstanding,Wells Fargo,,073656250,538723247,Single,HMO,401(k) 5%,14.1,3.2,No,High school diploma,,English; Turkish,Project management; Communication; Excel,PMP,,,C02MKB6KG46K,B-15917,CHI-P3-178,,Converted from contractor
MF00019,c35fd2c2-448e-7547-b32d-c920c5a0bd31,Emily,,Washington,,she/her,Female,1972-01-22,Widowed,0,American,White,Protected veteran,Yes,,emily.washington@meridianfreight.example,emily_washington@proton.me,,+1 (445) 555-0129,5518 Madison Ave,,Evanston,IL,60201,United States,Ashley Roberts,Partner,+1 (399) 555-0176,945-81-4784,,,,Citizen,,,,,,,2010-01-09,2010-01-09,2010-01-09,2010-04-09,Active,,,,,,,Full-time,,1.0,40.0,,Onsite,"VP, Sales",VP,Sales,Sales,Commercial,CC-520-CHI,Meridian Freight Inc.,Chicago HQ,"233 S Wacker Dr, Chicago, IL 60606",America/Chicago,MF00006,Andrew Patel,andrew.patel@meridianfreight.example,Salaried,Exempt,Bi-weekly,USD,300900.00,,40,,27500,2025-03-27,7.7,2026-07-01,Meets expectations,PNC,,053646002,846049205,Single,PPO Gold,401(k) 6%,19.2,5.4,No,PhD,Visvesvaraya Technological University,English,Salesforce; Negotiation; Freight pricing,,L,,C02E1ZGM76DT,B-30241,,https://www.linkedin.com/in/emily-washington-959,
MF00020,b7994ffe-b5a6-7b35-b931-790a7a40a201,James,,Johnson,,he/him,Male,1980-05-18,Single,0,American,White,Prefer not to say,Prefer not to say,,james.johnson@meridianfreight.example,jamesjohnson75@hotmail.com,,+1 (726) 555-0112,8445 Elm St,,Evanston,IL,60278,United States,Wei Moore,Friend,+1 (327) 555-0163,975-71-6939,,P5846104,2035-10-30,Citizen,,,,,,,2012-08-10,2012-08-10,2012-08-10,2012-11-08,Terminated,,,,2026-06-17,Involuntary - restructuring,Yes,Full-time,,1.0,40.0,,Hybrid,"VP, Marketing",VP,Marketing,Marketing,Commercial,CC-530-CHI,Meridian Freight Inc.,Chicago HQ,"233 S Wacker Dr, Chicago, IL 60606",America/Chicago,MF00006,Andrew Patel,andrew.patel@meridianfreight.example,Salaried,Exempt,Bi-weekly,USD,250300.00,,40,,3000,2025-10-28,2.7,2026-05-30,Exceeds expectations,Citibank,,042667064,122454601,Head of household,HDHP + HSA,401(k) 5%,4.4,0.7,No,Master's degree,University of Toronto,English; Turkish,Excel; Project management; Communication,PMP,M,,C02F4EMT5UGP,B-30695,CHI-P1-005,,
MF00021,dc161e52-b1f6-7318-9f86-bdf22b7bf2bf,Michelle,D.,Martin,,she/her,Female,1980-04-11,Married,4,American,Black or African American,Not a protected veteran,Yes,,michelle.martin@meridianfreight.example,michellemartin6@gmail.com,,+1 (419) 555-0193,1000 2nd St,,Naperville,IL,60529,United States,David Martin,Mother,+1 (423) 555-0168,927-81-6937,,,,Citizen,,,,R272-1461-6282,,,2012-10-05,2012-10-05,2012-10-05,2013-01-03,Active,,,,,,,Full-time,,1.0,40.0,,Hybrid,"VP, Procurement",VP,Procurement,Procurement,Corporate,CC-240-CHI,Meridian Freight Inc.,Chicago HQ,"233 S Wacker Dr, Chicago, IL 60606",America/Chicago,MF00002,Jamal Washington,jamal.washington@meridianfreight.example,Salaried,Exempt,Bi-weekly,USD,303400.00,,40,,2000,,,2026-06-18,Outstanding,Citibank,,043187403,282892008,Single,PPO Silver,401(k) 5%,2.7,7.0,No,Associate degree,,English,Excel; Project management; Communication,,M,Vegan,C02RW56QNNGW,B-91182,,https://www.linkedin.com/in/michelle-martin-321,Converted from contractor
MF00022,e36a12e1-d2fe-7612-aa35-dbb3bb9fc1bf,Joseph,L.,Miller,,he/him,Male,1984-12-23,Married,1,American,Two or more races,Not a protected veteran,Prefer not to say,,joseph.miller@meridianfreight.example,joseph.miller@hotmail.com,+1 (312) 555-0100 ext. 4308,+1 (982) 555-0141,1743 Park Pl,,Naperville,IL,60500,United States,Brittany Wilson,Partner,+1 (265) 555-0167,969-86-9218,,,,Citizen,,,,,,,2018-03-25,2018-03-25,2018-03-25,2018-06-23,Active,,,,,,,Full-time,,1.0,40.0,,Hybrid,"Director, Finance",D1,Finance,Finance,Corporate,CC-210-CHI,Meridian Freight Inc.,Chicago HQ,"233 S Wacker Dr, Chicago, IL 60606",America/Chicago,MF00008,Ashley Harris,ashley.harris@meridianfreight.example,Salaried,Exempt,Bi-weekly,USD,211200.00,,25,,6000,,,2026-04-05,Exceeds expectations,Citibank,,059370832,747669076,Head of household,PPO Silver,401(k) 5%,12.4,3.9,No,MBA,Northwestern University,English,Excel; IFRS; NetSuite,CPA,M,,C02LKDEH7T9B,B-18654,,https://www.linkedin.com/in/joseph-miller-940,
MF00023,caf32fa5-4e09-7a23-9514-122d270e6564,Jessica,,Scott,,she/her,Female,1983-10-09,Divorced,1,American,White,Prefer not to say,Yes,,jessica.scott@meridianfreight.example,jessicascott57@icloud.com,,+1 (362) 555-0179,5799 Madison Ave,,Oak Park,IL,60317,United States,Ashley Rivera,Sibling,+1 (650) 555-0109,990-83-5917,,,,Citizen,,,,,,,2009-04-24,2009-04-24,2009-04-24,2009-07-23,Active,,,,,,,Full-time,,1.0,40.0,,Onsite,"Director, People",D1,Human Resources,People,Corporate,CC-220-CHI,Meridian Freight Inc.,Chicago HQ,"233 S Wacker Dr, Chicago, IL 60606",America/Chicago,MF00009,Ashley Miller,ashley.miller@meridianfreight.example,Salaried,Exempt,Bi-weekly,USD,184100.00,,25,,22000,2025-12-30,3.4,2026-08-19,Exceeds expectations,PNC,,084186233,295968242,Head of household,HMO,401(k) 4%,28.0,10.3,No,PhD,UT Austin,English,Excel; Project management; Communication,,M,,C02RS9B1RQ0L,B-19849,CHI-P1-049,,Returning after parental leave
MF00024,91180224-a6bf-7414-997e-3f30f80f35b3,William,,Wright,Will,he/him,Male,1982-06-08,Widowed,1,American,Asian,Prefer not to say,No,,will.wright@meridianfreight.example,willwright@proton.me,,+1 (531) 555-0145,3539 Elm St,,Oak Park,IL,60378,United States,Marcus Wright,Spouse,+1 (326) 555-0136,950-74-3434,,M8547091,2033-05-24,Citizen,,,,,,,2009-11-23,2009-11-23,2009-11-23,2010-02-21,Terminated,,,,2012-01-26,End of contract,Yes,Full-time,,1.0,40.0,,Hybrid,"Director, Legal & Compliance",D1,Legal,Legal & Compliance,Corporate,CC-230-CHI,Meridian Freight Inc.,Chicago HQ,"233 S Wacker Dr, Chicago, IL 60606",America/Chicago,MF00010,Mei Adams,mei.adams@meridianfreight.example,Salaried,Exempt,Bi-weekly,USD,212300.00,,25,,,2024-11-06,2.5,2026-03-14,Meets expectations,Chase,,028042269,580668999,Head of household,PPO Gold,401(k) 8%,26.5,5.2,No,Master's degree,Northwestern University,English,Excel; Project management; Communication,CIPP/E,S,,C02V47FYJRPA,B-31479,,,Referred by an employee
MF00025,39e2aad2-2b49-763d-884c-37c9e236676c,Hunter,,Young,,he/him,Male,1984-11-18,Divorced,2,American,Hispanic or Latino,Protected veteran,No,,hunter.young@meridianfreight.example,hunter_young@yahoo.com,+1 (312) 555-0100 ext. 1812,+1 (219) 555-0120,709 Cedar Ln,Apt 1203,Oak Park,IL,60344,United States,Jennifer Young,Father,+1 (241) 555-0185,997-74-9611,,,,Citizen,,,,,,,2021-01-31,2021-01-31,2021-01-31,2021-05-01,Active,,,,,,,Full-time,,1.0,40.0,,Remote,"Director, Engineering",D1,Software Engineering,Engineering,Technology,CC-310-CHI,Meridian Freight Inc.,Chicago HQ,"233 S Wacker Dr, Chicago, IL 60606",America/Chicago,MF00011,Steven Rodriguez,steven.rodriguez@meridianfreight.example,Salaried,Exempt,Bi-weekly,USD,203700.00,,25,,14500,2024-11-13,9.2,2026-02-07,Meets expectations,Bank of America,,099123010,453435761,Married filing jointly,HDHP + HSA,401(k) 8%,19.5,1.3,No,Bachelor's degree,Northwestern University,English,Go; Terraform; AWS,,S,,C02PUVRTN6MP,B-96863,,https://www.linkedin.com/in/hunter-young-227,
MF00026,24293dcc-c831-797b-a1ee-42f188687396,Rohan,,Reddy,,he/him,Male,1979-06-08,,0,Indian,,,Yes,,rohan.reddy@meridianfreight.example,rohanreddy@gmail.com,,+91 9556 53276,104 Old Airport Road,Flat 3,Electronic City,KA,560146,India,Diya Kumar,Partner,+91 9397 41796,HJKPD2439Z,,,,Citizen,,,,,,,2005-12-14,2005-12-14,2005-12-14,2006-06-12,Active,,,,,,,Full-time,,1.0,45.0,,Remote,"Director, Engineering (Bengaluru)",D1,Software Engineering,Engineering,Technology,CC-310-BLR,Meridian Freight Technologies Pvt. Ltd.,Bengaluru Tech Center,"Embassy TechVillage, Outer Ring Road, Bengaluru 560103",Asia/Kolkata,MF00011,Steven Rodriguez,steven.rodriguez@meridianfreight.example,Salaried,,Monthly,INR,6000800.00,,25,,,,,2026-08-11,Meets expectations,ICICI Bank,,164192382713,HDFC0216375,New regime,Group Mediclaim Self,EPF,22.9,6.9,No,High school diploma,,English; Hindi; Polish,Terraform; Kubernetes; React,AWS Solutions Architect,,,C02UDGBNVZE0,B-18813,,,
MF00027,c9ea7481-b883-7d11-bf9d-e46060e277ad,Aaliyah,,Rodriguez,,she/her,Female,1989-10-13,Single,1,American,Hispanic or Latino,Prefer not to say,Yes,,aaliyah.rodriguez@meridianfreight.example,aaliyah_rodriguez73@icloud.com,+1 (312) 555-0100 ext. 1144,+1 (266) 555-0170,4971 Elm St,Apt 1203,Chicago,IL,60608,United States,Hunter Gonzalez,Friend,+1 (789) 555-0156,949-86-4623,,C3310619,2035-11-22,Citizen,,,,,,,2018-03-07,2018-03-07,2018-03-07,2018-06-05,Active,,,,,,,Full-time,,1.0,40.0,,Hybrid,"Director, Data & Analytics",D1,Data,Data & Analytics,Technology,CC-320-CHI,Meridian Freight Inc.,Chicago HQ,"233 S Wacker Dr, Chicago, IL 60606",America/Chicago,MF00012,Kevin Thompson,kevin.thompson@meridianfreight.example,Salaried,Exempt,Bi-weekly,USD,194800.00,,25,,13500,2026-07-05,8.8,2025-11-14,Exceeds expectations,Bank of America,,068000597,802672041,Single,HDHP + HSA,401(k) 10%,9.5,4.0,No,Bachelor's degree,University of Illinois,English; Spanish,Statistics; dbt; Spark,,S,,C02FMN2ARSWQ,B-53686,,https://www.linkedin.com/in/aaliyah-rodriguez-655,
MF00028,f80e258d-627c-7758-a6ac-a73dd7a9b574,Mei,M.,Chen,,she/her,Female,1985-01-18,Married,0,American,Black or African American,Protected veteran,No,,mei.chen@meridianfreight.example,mei.chen75@gmail.com,,+1 (634) 555-0103,3431 River Rd,,Naperville,IL,60576,United States,Hiroshi Chen,Mother,+1 (356) 555-0130,992-78-9029,,Z9336731,2034-12-06,Citizen,,,,,,,2026-12-02,2010-06-02,2026-12-02,2027-03-02,Pre-hire,,,,,,,Full-time,,1.0,40.0,,Hybrid,"Director, IT",D1,IT,IT,Technology,CC-330-CHI,Meridian Freight Inc.,Chicago HQ,"233 S Wacker Dr, Chicago, IL 60606",America/Chicago,MF00013,Kevin Allen,kevin.allen@meridianfreight.example,Salaried,Exempt,Bi-weekly,USD,178100.00,,25,,29000,,,,,Chase,,056753578,915409353,Married filing jointly,Waived,401(k) 3%,14.7,0.5,No,PhD,Northwestern University,English; Mandarin,Communication; Project management; Excel,CISSP,,,C02Z56J4TC82,B-11363,CHI-P1-037,https://www.linkedin.com/in/mei-chen-215,
MF00029,99683b59-c271-75c8-a9d6-608114ac06b2,Thomas,M.,Perez,,he/him,Male,1967-05-03,Domestic partnership,0,American,Asian,Prefer not to say,No,,thomas.perez@meridianfreight.example,thomasperez@proton.me,+1 (312) 555-0100 ext. 1788,+1 (793) 555-0127,8088 River Rd,Apt 4B,Schaumburg,IL,60123,United States,Nancy Perez,Mother,+1 (241) 555-0159,990-73-2953,,K4191910,2027-12-15,Citizen,,,,T516-1475-6392,,,2023-11-05,2023-11-05,2023-11-05,2024-02-03,Active,,,,,,,Full-time,,1.0,40.0,,Hybrid,"Director, Product",D1,Product,Product,Technology,CC-340-CHI,Meridian Freight Inc.,Chicago HQ,"233 S Wacker Dr, Chicago, IL 60606",America/Chicago,MF00014,Maria Brown,maria.brown@meridianfreight.example,Salaried,Exempt,Bi-weekly,USD,170400.00,,25,,13500,2025-07-08,4.3,2026-03-14,Meets expectations,Chase,,054526851,251213880,Married filing jointly,PPO Silver,401(k) 3%,20.6,10.0,No,MBA,Visvesvaraya Technological University,English,Project management; Excel; Communication,,L,,C02JMXR675M8,B-76462,,https://www.linkedin.com/in/thomas-perez-895,Relocated from another office
MF00030,a3c18b45-4919-77b3-9bc7-f9c3b49244e8,Michael,,Lee,Mike,he/him,Male,1990-05-22,Domestic partnership,2,American,White,Not a protected veteran,Prefer not to say,,mike.lee@meridianfreight.example,mikelee@outlook.com,,+1 (550) 555-0150,2799 River Rd,Apt 4B,Naperville,IL,60523,United States,Andrew Wright,Friend,+1 (371) 555-0119,974-72-1258,,,,Citizen,,,,W889-3865-6437,,,2009-09-21,2008-06-18,2008-06-18,2009-12-20,Active,,,,,,,Full-time,,1.0,40.0,,Remote,"Director, Operations",D1,Logistics Operations,Operations,Operations,CC-410-CHI,Meridian Freight Inc.,Chicago HQ,"233 S Wacker Dr, Chicago, IL 60606",America/Chicago,MF00015,Hiroshi Mitchell,hiroshi.mitchell@meridianfreight.example,Salaried,Exempt,Bi-weekly,USD,206300.00,,25,,10500,2025-05-25,3.4,2026-02-15,Meets expectations,Citibank,,016514363,724045003,Single,Waived,401(k) 6%,5.1,9.1,No,MBA,Visvesvaraya Technological University,English,TMS; Route optimisation; Customs brokerage,,L,,C02CLP4U9W7R,B-10690,,,
MF00031,474808bb-f70a-7d90-98d1-1c92abe9a1d0,Betty,K.,Carter,,she/her,Female,1987-07-04,Single,0,American,Two or more races,Protected veteran,Yes,,betty.carter@meridianfreight.example,bettycarter11@outlook.com,,+1 (955) 555-0191,3862 Pine Ridge Rd,,Decatur,GA,30072,United States,Jamal Carter,Father,+1 (403) 555-0106,955-72-1788,,M1352416,2036-01-26,Citizen,,,,,,,2019-06-12,2019-06-12,2019-06-12,2019-09-10,Active,,,,,,,Full-time,,1.0,40.0,,Hybrid,"Director, Operations (Atlanta)",D1,Logistics Operations,Operations,Operations,CC-410-ATL,Meridian Freight Inc.,Atlanta Hub,"1600 Aviation Blvd, Atlanta, GA 30354",America/New_York,MF00015,Hiroshi Mitchell,hiroshi.mitchell@meridianfreight.example,Salaried,Exempt,Bi-weekly,USD,217400.00,,25,,,2025-11-09,4.1,2026-03-02,Needs improvement,Citibank,,077157980,609433322,Head of household,Waived,401(k) 6%,18.2,11.7,No,Vocational certificate,,English,Incoterms; TMS; Customs brokerage,,S,Nut allergy,C022NDTX8L8T,B-25975,ATL-P3-167,,Converted from contractor
MF00032,31ba6392-8300-74f9-a614-77840213fd9c,Carlos,,Thomas,,he/him,Male,1972-02-21,,0,American,Asian,Protected veteran,No,,carlos.thomas@meridianfreight.example,carlosthomas96@yahoo.com,,+1 (425) 555-0174,1465 Highland Ave,,Grapevine,TX,76062,United States,Robert King,Sibling,+1 (947) 555-0198,976-78-6790,,X5026928,2028-01-30,Citizen,,,,,,,2017-10-17,2017-10-17,2017-10-17,2018-01-15,Active,,,,,,,Full-time,,1.0,40.0,,Onsite,"Director, Operations (Dallas)",D1,Logistics Operations,Operations,Operations,CC-410-DAL,Meridian Freight Inc.,Dallas Distribution Center,"2400 Aviation Dr, DFW Airport, TX 75261",America/Chicago,MF00015,Hiroshi Mitchell,hiroshi.mitchell@meridianfreight.example,Salaried,Exempt,Bi-weekly,USD,199800.00,,25,,24500,2025-10-09,9.3,2026-03-23,Meets expectations,US Bank,,039991367,720190083,Head of household,PPO Silver,401(k) 10%,8.9,3.2,No,PhD,Northwestern University,English,Incoterms; Route optimisation; Customs brokerage,CSCP,M,,C02B5TRJ9NJJ,B-92908,DAL-P1-239,,
MF00033,f4241021-259d-7d36-bf7b-d53b074481c3,Thomas,,Hill,,he/him,Male,1975-01-28,,0,American,Prefer not to say,Prefer not to say,No,,thomas.hill@meridianfreight.example,thomas.hill@proton.me,+1 (312) 555-0100 ext. 2531,+1 (857) 555-0186,5016 2nd St,,Oak Park,IL,60344,United States,Luis Hill,Sibling,+1 (498) 555-0107,970-85-9342,,Z4150140,2032-07-13,Citizen,,,,,,,2026-10-27,2004-10-25,2026-10-27,2027-01-25,Pre-hire,,,,,,,Full-time,,1.0,40.0,Swing (14:00-22:30),Onsite,"Director, Warehouse",D1,Warehouse,Warehouse,Operations,CC-420-CHI,Meridian Freight Inc.,Chicago HQ,"233 S Wacker Dr, Chicago, IL 60606",America/Chicago,MF00016,Tyler Williams,tyler.williams@meridianfreight.example,Salaried,Exempt,Bi-weekly,USD,217300.00,,25,,24000,,,,,Chase,,010658476,986231044,Single,Waived,401(k) 6%,8.6,10.9,No,Vocational certificate,,English,OSHA 10; Inventory counts; Forklift certified,OSHA 10,XS,,C02DMLGRSWG1,B-85701,,https://www.linkedin.com/in/thomas-hill-592,Referred by an employee
MF00034,cdca5c14-d44b-75ee-8e51-b88938c4fe41,Daniel,,Green,,he/him,Male,1989-03-16,,0,Nigerian,Asian,Prefer not to say,Yes,,daniel.green@meridianfreight.example,danielgreen12@hotmail.com,,+1 (833) 555-0181,1859 Oak St,,Decatur,GA,30060,United States,Luis Green,Father,+1 (929) 555-0159,970-71-7491,,Z3257417,2033-03-24,Work permit,H-1B,X35009464,2028-11-24,K948-4168-6481,,,2025-07-27,2025-07-27,2025-07-27,2025-10-25,Active,,,,,,,Full-time,,1.0,40.0,Night (22:00-06:30),Onsite,"Director, Warehouse (Atlanta)",D1,Warehouse,Warehouse,Operations,CC-420-ATL,Meridian Freight Inc.,Atlanta Hub,"1600 Aviation Blvd, Atlanta, GA 30354",America/New_York,MF00016,Tyler Williams,tyler.williams@meridianfreight.example,Salaried,Exempt,Bi-weekly,USD,174500.00,,25,,9500,2026-01-28,4.6,2026-04-17,Exceeds expectations,Citibank,,078111433,615601238,Head of household,PPO Silver,401(k) 4%,14.5,4.8,No,PhD,Visvesvaraya Technological University,English; Polish,OSHA 10; WMS; Forklift certified,,XL,Gluten-free,C02K226XRWCK,B-36297,,,
MF00035,14451b79-753e-7d33-aa87-2189b6861574,Matthew,,Rodriguez,Matt,he/him,Male,1965-05-14,Married,0,Brazilian,,Not a protected veteran,No,,matt.rodriguez@meridianfreight.example,matt_rodriguez@icloud.com,+1 (312) 555-0100 ext. 3952,+1 (620) 555-0189,532 Madison Ave,,Dallas,TX,75247,United States,Wei Walker,Spouse,+1 (582) 555-0116,910-83-8587,,,,Work permit,H-1B,E16129570,2028-05-20,,,,2011-04-25,2011-04-25,2011-04-25,2011-07-24,Active,,,,,,,Full-time,,1.0,40.0,Day (06:00-14:30),Onsite,"Director, Warehouse (Dallas)",D1,Warehouse,Warehouse,Operations,CC-420-DAL,Meridian Freight Inc.,Dallas Distribution Center,"2400 Aviation Dr, DFW Airport, TX 75261",America/Chicago,MF00016,Tyler Williams,tyler.williams@meridianfreight.example,Salaried,Exempt,Bi-weekly,USD,206700.00,,25,,,,,2026-01-04,Meets expectations,Wells Fargo,,031241082,435454651,Married filing jointly,HMO,401(k) 4%,3.3,7.8,No,Bachelor's degree,University of Manchester,English,WMS; OSHA 10; Forklift certified,,XS,,C02853HLWRZP,B-82912,,,Returning after parental leave
MF00036,37b416e7-907e-73d4-bb36-1c57942f85e7,Keisha,J.,Baker,,she/her,Female,1990-08-17,Widowed,0,American,Two or more races,Not a protected veteran,No,,keisha.baker@meridianfreight.example,keishabaker@proton.me,+1 (312) 555-0100 ext. 1023,+1 (597) 555-0155,7494 Cedar Ln,,Evanston,IL,60208,United States,Mei Baker,Mother,+1 (795) 555-0112,949-87-7825,,K3705634,2031-10-03,Citizen,,,,L309-1269-1940,CDL Class A,2027-02-25,2013-01-20,2013-01-20,2013-01-20,2013-04-20,Active,,,,,,,Full-time,,1.0,40.0,Rotating,Onsite,"Director, Fleet",D1,Transport,Fleet,Operations,CC-430-CHI,Meridian Freight Inc.,Chicago HQ,"233 S Wacker Dr, Chicago, IL 60606",America/Chicago,MF00017,Susan Davis,susan.davis@meridianfreight.example,Salaried,Exempt,Bi-weekly,USD,220900.00,,25,,22500,2026-02-06,6.6,2026-06-16,Meets expectations,Bank of America,,015234501,201788696,Single,PPO Silver,401(k) 4%,7.4,3.9,No,High school diploma,,English; Arabic,CDL-A; Hazmat endorsement; DOT regulations,,,,C02VUD28R3SH,B-70976,,https://www.linkedin.com/in/keisha-baker-398,Referred by an employee
MF00037,abef9ec7-18b7-7acd-82ca-bc33c91ac195,Luis,,Martinez,,he/him,Male,1972-07-30,Single,0,American,Prefer not to say,Not a protected veteran,Prefer not to say,,luis.martinez@meridianfreight.example,luis.martinez@proton.me,+1 (312) 555-0100 ext. 2031,+1 (220) 555-0141,3361 Elm St,,Naperville,IL,60563,United States,Marcus Martinez,Mother,+1 (657) 555-0185,965-70-3245,,Z2518292,2027-10-16,Citizen,,,,R766-4085-4141,,,2017-11-12,2017-11-12,2017-11-12,2018-02-10,Active,,,,,,,Full-time,,1.0,40.0,,Onsite,"Director, Customer Success",D1,Customer Service,Customer Success,Commercial,CC-510-CHI,Meridian Freight Inc.,Chicago HQ,"233 S Wacker Dr, Chicago, IL 60606",America/Chicago,MF00018,Carlos Wright,carlos.wright@meridianfreight.example,Salaried,Exempt,Bi-weekly,USD,220700.00,,25,,,2025-07-02,2.3,2026-01-20,Exceeds expectations,Bank of America,,020722345,540764232,Head of household,PPO Gold,401(k) 6%,12.8,8.4,No,Vocational certificate,,English,Excel; Communication; Project management,PMP,S,,C02KSU64SLDL,B-95017,,,
MF00038,61399e86-7655-7780-aa88-2c507c62b407,Carol,C.,Kowalski,,she/her,Female,1972-10-05,Widowed,0,American,White,Prefer not to say,Prefer not to say,,carol.kowalski@meridianfreight.example,carolkowalski@proton.me,,+1 (239) 555-0124,5003 Pine Ridge Rd,,Naperville,IL,60560,United States,Emily Allen,Mother,+1 (467) 555-0124,996-84-9323,,,,Citizen,,,,,,,2013-07-29,2013-07-29,2013-07-29,2013-10-27,Active,,,,,,,Full-time,,1.0,40.0,,Hybrid,"Director, Sales",D1,Sales,Sales,Commercial,CC-520-CHI,Meridian Freight Inc.,Chicago HQ,"233 S Wacker Dr, Chicago, IL 60606",America/Chicago,MF00019,Emily Washington,emily.washington@meridianfreight.example,Salaried,Exempt,Bi-weekly,USD,219200.00,,25,,15000,2025-01-03,6.7,2026-02-10,Meets expectations,Wells Fargo,,059148694,147512287,Head of household,PPO Gold,401(k) 4%,0.3,5.6,No,Bachelor's degree,University of Toronto,English; Mandarin,Freight pricing; Negotiation; Salesforce,,L,,C02848UWJNV6,B-72434,CHI-P3-189,,
MF00039,9cefff22-fb79-7ceb-a364-84ab9b27ae83,Sandra,,Flores,,she/her,Female,1990-02-22,Married,1,American,Asian,Protected veteran,No,,sandra.flores@meridianfreight.example,sandra_flores@yahoo.com,,+1 (615) 555-0139,9013 Lakeview Dr,,Chicago,IL,60651,United States,Michael Nguyen,Partner,+1 (735) 555-0131,929-83-7321,,,,Citizen,,,,,,,2023-11-10,2023-11-10,2023-11-10,2024-02-08,Active,,,,,,,Full-time,,1.0,40.0,,Remote,"Director, Marketing",D1,Marketing,Marketing,Commercial,CC-530-CHI,Meridian Freight Inc.,Chicago HQ,"233 S Wacker Dr, Chicago, IL 60606",America/Chicago,MF00020,James Johnson,james.johnson@meridianfreight.example,Salaried,Exempt,Bi-weekly,USD,226400.00,,25,,20500,2026-07-10,2.9,2026-05-13,Meets expectations,PNC,,045381536,338476676,Single,HMO,401(k) 3%,26.8,1.9,No,High school diploma,,English,Communication; Project management; Excel,,S,Nut allergy,C0208LYQ5RJE,B-64400,,,Returning after parental leave
MF00040,f3ce97fb-ed0c-7875-adac-92d9e9f7b314,Brittany,,Nguyen,,,Prefer not to say,1987-10-12,Married,4,American,Two or more races,Prefer not to say,No,,brittany.nguyen@meridianfreight.example,brittanynguyen39@proton.me,+1 (312) 555-0100 ext. 2034,+1 (642) 555-0121,1935 Willow Way,,Oak Park,IL,60343,United States,Mei Okafor,Father,+1 (324) 555-0197,948-87-9186,,X3053418,2036-06-19,Citizen,,,,,,,2019-01-16,2019-01-16,2019-01-16,2019-04-16,Active,,,,,,,Full-time,,1.0,40.0,,Onsite,"Director, Procurement",D1,Procurement,Procurement,Corporate,CC-240-CHI,Meridian Freight Inc.,Chicago HQ,"233 S Wacker Dr, Chicago, IL 60606",America/Chicago,MF00021,Michelle Martin,michelle.martin@meridianfreight.example,Salaried,Exempt,Bi-weekly,USD,208000.00,,25,,10000,2025-12-26,7.2,2026-04-05,Meets expectations,Chase,,092008190,257383650,Head of household,PPO Silver,401(k) 10%,13.1,1.6,No,Associate degree,,English,Communication; Excel; Project management,,XL,,C0264PAHDA3Y,B-92707,,https://www.linkedin.com/in/brittany-nguyen-527,
MF00041,76e5e0d7-2630-7b1c-841f-484c905c2f48,Keisha,,Harris,,she/her,Female,1992-06-01,Divorced,2,American,Two or more races,Not a protected veteran,No,,keisha.harris@meridianfreight.example,keisha_harris97@hotmail.com,,+1 (479) 555-0153,7261 Madison Ave,Unit 12,Evanston,IL,60260,United States,Joshua Harris,Mother,+1 (677) 555-0177,984-74-6353,,M3707091,2030-02-08,Citizen,,,,,,,2016-05-05,2016-05-05,2016-05-05,2016-08-03,On leave,Unpaid personal leave,2026-06-11,2026-12-11,,,,Full-time,,1.0,40.0,,Hybrid,"Senior Manager, Finance",M1,Finance,Finance,Corporate,CC-210-CHI,Meridian Freight Inc.,Chicago HQ,"233 S Wacker Dr, Chicago, IL 60606",America/Chicago,MF00022,Joseph Miller,joseph.miller@meridianfreight.example,Salaried,Exempt,Bi-weekly,USD,106100.00,,15,,18500,2025-01-11,7.2,2026-05-19,Meets expectations,Chase,,074431613,483729233,Married filing jointly,HDHP + HSA,401(k) 10%,9.6,7.5,No,High school diploma,,English,IFRS; NetSuite; Excel,,XL,,C02JNB8PEPDA,B-23015,,,Relocated from another office
MF00042,2ce11f1d-757d-7a00-82ae-4e81a18762b8,Karen,,Rivera,,she/her,Female,1983-06-30,Divorced,3,American,Prefer not to say,Protected veteran,No,,karen.rivera@meridianfreight.example,karenrivera@proton.me,,+1 (554) 555-0129,8511 Cedar Ln,,Oak Park,IL,60340,United States,Tyler Hernandez,Sibling,+1 (234) 555-0170,937-75-5668,,,,Citizen,,,,,,,2008-05-28,2008-05-28,2008-05-28,2008-08-26,Active,,,,,,,Full-time,,1.0,40.0,,Hybrid,"Manager, Finance",M1,Finance,Finance,Corporate,CC-210-CHI,Meridian Freight Inc.,Chicago HQ,"233 S Wacker Dr, Chicago, IL 60606",America/Chicago,MF00022,Joseph Miller,joseph.miller@meridianfreight.example,Salaried,Exempt,Bi-weekly,USD,92800.00,,15,,29000,2025-12-14,4.4,2026-07-16,Meets expectations,Chase,,015877862,943969517,Single,PPO Gold,401(k) 6%,18.5,8.3,No,Master's degree,Universidad Complutense de Madrid,English,Excel; IFRS; US GAAP,ACCA,XXL,,C02B59W6LRR6,B-37214,,,
MF00043,468daf52-5309-7c80-b390-c7d4ed6afa99,Richard,S.,Harris,,,,1974-11-22,Single,1,American,Two or more races,Prefer not to say,No,,richard.harris@meridianfreight.example,richard_harris13@hotmail.com,,+1 (621) 555-0152,1089 Sunset Blvd,,Naperville,IL,60595,United States,Sandra Clark,Friend,+1 (399) 555-0166,957-73-8717,,C2708255,2027-05-01,Citizen,,,,,,,2013-10-04,2013-10-04,2013-10-04,2014-01-02,Active,,,,,,,Full-time,,1.0,40.0,,Onsite,"Senior Manager, Finance",M2,Finance,Finance,Corporate,CC-210-CHI,Meridian Freight Inc.,Chicago HQ,"233 S Wacker Dr, Chicago, IL 60606",America/Chicago,MF00022,Joseph Miller,joseph.miller@meridianfreight.example,Salaried,Exempt,Bi-weekly,USD,172700.00,,20,,18500,2026-09-11,6.3,2026-08-11,Exceeds expectations,Chase,,049488861,302342840,Single,HDHP + HSA,401(k) 4%,15.0,11.2,No,Associate degree,,English,NetSuite; Excel; US GAAP,,S,,C02XHCQ5FUR0,B-85635,,https://www.linkedin.com/in/richard-harris-600,
MF00044,782e028b-6085-734b-a5a5-b07c9c038fd6,Ana,,Hernandez,,she/her,Female,1971-04-29,Married,0,Brazilian,,Prefer not to say,Prefer not to say,,ana.hernandez@meridianfreight.example,anahernandez@hotmail.com,+1 (312) 555-0100 ext. 3689,+1 (908) 555-0119,8769 Highland Ave,,Naperville,IL,60531,United States,William Nguyen,Mother,+1 (700) 555-0159,911-76-4801,,L4622324,2032-12-07,Work permit,H-1B,E30560421,2027-11-19,,,,2006-10-02,2006-10-02,2006-10-02,2006-12-31,Terminated,,,,2014-02-07,Resignation - relocation,Yes,Full-time,,1.0,40.0,,Hybrid,"Manager, Finance",M1,Finance,Finance,Corporate,CC-210-CHI,Meridian Freight Inc.,Chicago HQ,"233 S Wacker Dr, Chicago, IL 60606",America/Chicago,MF00022,Joseph Miller,joseph.miller@meridianfreight.example,Salaried,Exempt,Bi-weekly,USD,96500.00,,15,,12000,2025-01-31,2.1,2026-06-20,Exceeds expectations,Citibank,,022529009,164400904,Head of household,PPO Gold,401(k) 8%,17.9,9.5,No,MBA,UT Austin,English,NetSuite; US GAAP; Excel,,XL,Kosher,C02N925J70KS,B-91598,,,
MF00045,ae216f4c-a2cb-750a-a7b2-773488e8a351,Anthony,N.,Nguyen,,he/him,Male,1977-09-15,,0,American,Two or more races,Prefer not to say,Prefer not to say,,anthony.nguyen@meridianfreight.example,anthony.nguyen@icloud.com,,+1 (553) 555-0162,202 River Rd,3º Izq.,Naperville,IL,60583,United States,Andrew Nguyen,Father,+1 (715) 555-0189,975-82-4906,,,,Citizen,,,,,,,2014-05-13,2014-05-13,2014-05-13,2014-08-11,Active,,,,,,,Full-time,,1.0,40.0,,Hybrid,"Senior Manager, Finance",M2,Finance,Finance,Corporate,CC-210-CHI,Meridian Freight Inc.,Chicago HQ,"233 S Wacker Dr, Chicago, IL 60606",America/Chicago,MF00022,Joseph Miller,joseph.miller@meridianfreight.example,Salaried,Exempt,Bi-weekly,USD,141200.00,,20,,,,,2026-01-17,Meets expectations,Wells Fargo,,083433473,744434832,Single,PPO Gold,401(k) 10%,1.4,1.6,No,MBA,Northwestern University,English,NetSuite; Excel; US GAAP,,,,C02US2536KGA,B-57416,,https://www.linkedin.com/in/anthony-nguyen-207,Internal transfer
MF00046,757e0fec-a2d1-73d8-b542-899b3138c1c9,Sarah,,Martinez,,she/her,Female,1975-03-09,Married,1,American,Prefer not to say,Not a protected veteran,Prefer not to say,,sarah.martinez@meridianfreight.example,sarah.martinez@proton.me,+1 (312) 555-0100 ext. 1530,+1 (757) 555-0101,3385 Willow Way,2. OG,Oak Park,IL,60376,United States,Kimberly Martinez,Spouse,+1 (828) 555-0136,915-76-5325,,P2148116,2029-11-15,Citizen,,,,,,,2009-10-15,2009-10-15,2009-10-15,2010-01-13,On leave,Unpaid personal leave,2026-09-10,2026-11-21,,,,Full-time,,1.0,40.0,,Onsite,"Senior Manager, Finance",M2,Finance,Finance,Corporate,CC-210-CHI,Meridian Freight Inc.,Chicago HQ,"233 S Wacker Dr, Chicago, IL 60606",America/Chicago,MF00022,Joseph Miller,joseph.miller@meridianfreight.example,Salaried,Exempt,Bi-weekly,USD,154500.00,,20,,20500,2025-12-16,7.5,2026-01-05,Exceeds expectations,PNC,,032102543,391559194,Head of household,PPO Silver,401(k) 5%,2.6,1.3,No,Associate degree,,English,NetSuite; Excel; US GAAP,CMA,M,,C02TNHZXQMJ3,B-85769,,https://www.linkedin.com/in/sarah-martinez-115,
MF00047,de66beb9-ce88-7b52-8528-d5f44bc6fd10,Jennifer,,Davis,Jen,she/her,Female,1978-12-12,Married,1,Nigerian,Two or more races,Not a protected veteran,No,,jen.davis@meridianfreight.example,jen_davis97@proton.me,,+1 (421) 555-0185,8713 Madison Ave,,Oak Park,IL,60352,United States,Omar Thompson,Spouse,+1 (862) 555-0146,986-83-9477,,,,Work permit,H-1B,W18402642,2027-04-27,,,,2015-10-09,2015-10-09,2015-10-09,2016-01-07,Active,,,,,,,Full-time,,1.0,40.0,,Hybrid,"Senior Manager, People",M2,Human Resources,People,Corporate,CC-220-CHI,Meridian Freight Inc.,Chicago HQ,"233 S Wacker Dr, Chicago, IL 60606",America/Chicago,MF00023,Jessica Scott,jessica.scott@meridianfreight.example,Salaried,Exempt,Bi-weekly,USD,169600.00,,20,,9000,,,2025-11-10,Outstanding,Citibank,,083781515,459012340,Married filing jointly,PPO Silver,401(k) 10%,0.1,10.9,No,High school diploma,,English,Project management; Communication; Excel,SHRM-CP,XXL,,C02PPK662S3B,B-13872,,,
MF00048,d4bad6a1-8781-7d89-b75a-59d664d74237,Daniel,,Brown,,he/him,Male,2005-06-28,Married,0,American,,Not a protected veteran,Yes,,daniel.brown@meridianfreight.example,danielbrown@yahoo.com,+1 (312) 555-0100 ext. 1242,+1 (987) 555-0127,902 River Rd,Unit 12,Oak Park,IL,60342,United States,Richard Williams,Partner,+1 (519) 555-0150,929-86-3661,,C4500139,2030-09-17,Citizen,,,,,,,2024-10-24,2024-10-24,2024-10-24,2025-01-22,Active,,,,,,,Full-time,,1.0,40.0,,Remote,"Team Lead, People",M1,Human Resources,People,Corporate,CC-220-CHI,Meridian Freight Inc.,Chicago HQ,"233 S Wacker Dr, Chicago, IL 60606",America/Chicago,MF00023,Jessica Scott,jessica.scott@meridianfreight.example,Salaried,Exempt,Bi-weekly,USD,104600.00,,15,,14500,2025-05-17,4.2,2026-08-30,Exceeds expectations,Wells Fargo,,017862774,526122801,Single,HDHP + HSA,401(k) 10%,8.3,9.6,No,Bachelor's degree,DePaul University,English; Polish,Excel; Project management; Communication,CIPD Level 5,XS,,C02NBUE3TH1K,B-56676,,https://www.linkedin.com/in/daniel-brown-438,
MF00049,adceb0f7-9311-7964-99bf-82e1e4b2781f,Wei,,Taylor,,he/him,Male,1965-12-15,Single,0,American,Prefer not to say,Not a protected veteran,No,,wei.taylor@meridianfreight.example,weitaylor69@outlook.com,,+1 (467) 555-0149,8273 Elm St,,Schaumburg,IL,60156,United States,Maria Taylor,Father,+1 (427) 555-0132,922-74-8771,,P8428521,2029-10-27,Citizen,,,,,,,2020-10-30,2020-10-30,2020-10-30,2021-01-28,Active,,,,,,,Full-time,,1.0,40.0,,Onsite,"Senior Manager, People",M2,Human Resources,People,Corporate,CC-220-CHI,Meridian Freight Inc.,Chicago HQ,"233 S Wacker Dr, Chicago, IL 60606",America/Chicago,MF00023,Jessica Scott,jessica.scott@meridianfreight.example,Salaried,Exempt,Bi-weekly,USD,132000.00,,20,,2500,2025-03-02,2.7,2025-11-27,Meets expectations,Bank of America,,055431774,111296063,Single,Waived,401(k) 3%,14.2,3.6,No,Vocational certificate,,English,Excel; Project management; Communication,,XXL,,C02AWHCAF3BC,B-98325,,,
MF00050,d8c3be84-88b2-75b7-b301-dfe34756effd,Daniel,,Hernandez,,he/him,Male,1993-12-31,Married,4,Mexican,Black or African American,Not a protected veteran,Prefer not to say,,daniel.hernandez@meridianfreight.example,daniel.hernandez@hotmail.com,+1 (312) 555-0100 ext. 3822,+1 (427) 555-0194,3149 Oak St,"Flat 22, Block C",Oak Park,IL,60364,United States,Wei Hernandez,Father,+1 (965) 555-0164,952-85-1993,,Z6116900,2031-03-24,Work permit,H-1B,W53720285,2027-02-24,,,,2021-03-27,2021-03-27,2021-03-27,2021-06-25,Active,,,,,,,Full-time,,1.0,40.0,,Hybrid,"Manager, People",M1,Human Resources,People,Corporate,CC-220-CHI,Meridian Freight Inc.,Chicago HQ,"233 S Wacker Dr, Chicago, IL 60606",America/Chicago,MF00023,Jessica Scott,jessica.scott@meridianfreight.example,Salaried,Exempt,Bi-weekly,USD,123500.00,,15,,30000,2025-12-27,2.3,2026-07-30,Meets expectations,PNC,,060069950,303862522,Head of household,HDHP + HSA,401(k) 6%,26.1,10.5,No,PhD,IIT Madras,English; Portuguese,Excel; Communication; Project management,,,Lactose intolerant,C02M3STJ29KG,B-76256,,,
MF00051,3de51b15-2f5f-7eb3-abb6-b9c48ebea856,Donald,,Garcia,,he/him,Male,1969-08-04,Single,0,Chinese,White,Not a protected veteran,No,,donald.garcia@meridianfreight.example,donald_garcia37@gmail.com,,+1 (249) 555-0196,943 Elm St,,Schaumburg,IL,60108,United States,Joshua Ramirez,Mother,+1 (336) 555-0134,937-76-2892,,K1628930,2032-10-18,Work permit,H-1B,X82585339,2027-02-14,,,,2008-09-15,2008-09-15,2008-09-15,2008-12-14,Active,,,,,,,Full-time,,1.0,40.0,,Hybrid,"Senior Manager, Legal & Compliance",M2,Legal,Legal & Compliance,Corporate,CC-230-CHI,Meridian Freight Inc.,Chicago HQ,"233 S Wacker Dr, Chicago, IL 60606",America/Chicago,MF00024,Will Wright,will.wright@meridianfreight.example,Salaried,Exempt,Bi-weekly,USD,149700.00,,20,,,2025-08-30,9.3,2026-04-23,Meets expectations,Chase,,072105413,930221618,Married filing jointly,PPO Gold,401(k) 6%,0.2,3.6,No,Bachelor's degree,UT Austin,English,Communication; Project management; Excel,,S,,C02JFNZVHBAP,B-53765,CHI-P2-062,https://www.linkedin.com/in/donald-garcia-227,Relocated from another office
MF00052,c1191b7e-7ba8-7bf6-9fc9-2aa74d35dead,Michael,T.,Patel,Mike,he/him,Male,1999-03-29,Divorced,4,Ukrainian,White,Protected veteran,No,,mike.patel@meridianfreight.example,mikepatel@icloud.com,+1 (312) 555-0100 ext. 4889,+1 (429) 555-0138,2318 Elm St,,Oak Park,IL,60399,United States,Wei Patel,Spouse,+1 (484) 555-0188,997-88-5411,,M5161129,2029-02-20,Work permit,H-1B,E73441223,2028-10-19,,,,2018-11-25,2018-11-25,2018-11-25,2019-02-23,Active,,,,,,,Full-time,,1.0,40.0,,Hybrid,"Team Lead, Legal & Compliance",M1,Legal,Legal & Compliance,Corporate,CC-230-CHI,Meridian Freight Inc.,Chicago HQ,"233 S Wacker Dr, Chicago, IL 60606",America/Chicago,MF00024,Will Wright,will.wright@meridianfreight.example,Salaried,Exempt,Bi-weekly,USD,115000.00,,15,,23500,2025-09-09,6.1,2026-08-14,Outstanding,PNC,,091198141,144577706,Head of household,Waived,401(k) 4%,25.1,9.8,No,Bachelor's degree,Purdue University,English,Communication; Project management; Excel,Licensed Customs Broker,S,,C0204WJUPHRB,B-63300,,,
MF00053,f19028a3-27eb-774b-8c9f-85887ad14e1c,Brian,,Thompson,,he/him,Male,1971-04-22,Widowed,1,American,Two or more races,Prefer not to say,No,,brian.thompson@meridianfreight.example,brianthompson@proton.me,,+1 (887) 555-0189,5150 Maple Ave,,Schaumburg,IL,60110,United States,Anthony Thompson,Mother,+1 (962) 555-0188,983-87-3590,,,,Citizen,,,,,,,2008-03-12,2008-03-12,2008-03-12,2008-06-10,Active,,,,,,,Full-time,,1.0,40.0,,Remote,"Manager, Engineering",M2,Software Engineering,Engineering,Technology,CC-310-CHI,Meridian Freight Inc.,Chicago HQ,"233 S Wacker Dr, Chicago, IL 60606",America/Chicago,MF00025,Hunter Young,hunter.young@meridianfreight.example,Salaried,Exempt,Bi-weekly,USD,142500.00,,20,,25000,2026-01-01,7.8,2026-01-08,Meets expectations,Wells Fargo,,061888188,458237455,Head of household,PPO Silver,401(k) 4%,15.5,2.4,No,Bachelor's degree,Northwestern University,English,Go; AWS; Terraform,,XL,,C0214GBR3B10,B-90309,CHI-P1-202,https://www.linkedin.com/in/brian-thompson-789,
MF00054,8172871a-71fa-7852-873d-58235b5dfc56,Elizabeth,M.,Robinson,Liz,she/her,Female,1971-01-16,Widowed,1,American,Hispanic or Latino,Not a protected veteran,Prefer not to say,,liz.robinson@meridianfreight.example,lizrobinson51@icloud.com,+1 (312) 555-0100 ext. 1688,+1 (862) 555-0132,3186 Highland Ave,,Oak Park,IL,60315,United States,Joseph Robinson,Spouse,+1 (553) 555-0143,917-74-2269,,P8805089,2029-03-18,Citizen,,,,W105-5706-2972,,,2012-03-30,2012-03-30,2012-03-30,2012-06-28,Active,,,,,,,Full-time,,1.0,40.0,,Onsite,"Senior Manager, Engineering",M2,Software Engineering,Engineering,Technology,CC-310-CHI,Meridian Freight Inc.,Chicago HQ,"233 S Wacker Dr, Chicago, IL 60606",America/Chicago,MF00025,Hunter Young,hunter.young@meridianfreight.example,Salaried,Exempt,Bi-weekly,USD,150700.00,,20,,,2026-06-01,8.8,2026-01-09,Meets expectations,Bank of America,,048577521,134068744,Single,HMO,401(k) 5%,13.2,6.5,No,Bachelor's degree,Visvesvaraya Technological University,English,React; PostgreSQL; Kubernetes,,S,,C02HA4Z2KLJU,B-92442,CHI-P1-188,,Referred by an employee
MF00055,b8d4bdb2-6a95-79f2-ab1d-4d4187045e7b,Mei,,Jackson,,she/her,Female,1978-01-28,Married,3,American,Asian,Prefer not to say,Prefer not to say,,mei.jackson@meridianfreight.example,meijackson@outlook.com,+1 (312) 555-0100 ext. 3378,+1 (463) 555-0187,8598 River Rd,,Naperville,IL,60518,United States,Keisha Davis,Friend,+1 (561) 555-0164,943-74-6359,,X8564030,2036-07-27,Citizen,,,,F603-6304-9796,,,2011-05-29,2011-05-29,2011-05-29,2011-08-27,Active,,,,,,,Full-time,,1.0,40.0,,Hybrid,"Manager, Engineering",M1,Software Engineering,Engineering,Technology,CC-310-CHI,Meridian Freight Inc.,Chicago HQ,"233 S Wacker Dr, Chicago, IL 60606",America/Chicago,MF00025,Hunter Young,hunter.young@meridianfreight.example,Salaried,Exempt,Bi-weekly,USD,110300.00,,15,,1500,2026-01-05,3.8,2026-07-17,Outstanding,Bank of America,,098969619,694048715,Single,HMO,401(k) 3%,0.1,8.5,No,Master's degree,University of Toronto,English; Portuguese,Kafka; AWS; React,,,,C02KRS2NZEEL,B-74304,CHI-P2-233,,Referred by an employee
MF00056,ebcb31a4-1a3b-7cd3-87ef-8e2a269aedef,Joshua,,Hernandez,Josh,he/him,Male,1980-11-01,,0,American,,Prefer not to say,Yes,,josh.hernandez@meridianfreight.example,josh_hernandez44@gmail.com,,+1 (213) 555-0148,826 Cedar Ln,,Evanston,IL,60298,United States,Michael Martinez,Friend,+1 (705) 555-0183,984-74-1469,,N2988397,2030-08-01,Citizen,,,,,,,2011-11-17,2011-11-17,2011-11-17,2012-02-15,Active,,,,,,,Full-time,,1.0,40.0,,Onsite,"Team Lead, Engineering",M1,Software Engineering,Engineering,Technology,CC-310-CHI,Meridian Freight Inc.,Chicago HQ,"233 S Wacker Dr, Chicago, IL 60606",America/Chicago,MF00025,Hunter Young,hunter.young@meridianfreight.example,Salaried,Exempt,Bi-weekly,USD,111600.00,,15,,15000,,,2026-01-28,Meets expectations,Citibank,,016525348,725271786,Head of household,PPO Gold,401(k) 5%,20.8,11.6,No,High school diploma,,English,AWS; PostgreSQL; Kubernetes,,,,C02MTHSKJC4U,B-27913,,https://www.linkedin.com/in/josh-hernandez-440,Converted from contractor
MF00057,534e2f4a-a72c-7d35-8cfe-5bd19d39414d,Mark,, Thomas ,,he/him,Male,1995-04-01,Married,2,American,Two or more races,Not a protected veteran,No,,mark.thomas@meridianfreight.example,mark_thomas@yahoo.com,+1 (312) 555-0100 ext. 4689,+1 (267) 555-0124,1580 Oak St,,Chicago,IL,60609,United States,Richard Mitchell,Friend,+1 (520) 555-0189,953-71-1064,,B4869432,2036-08-08,Citizen,,,,,,,2025-08-09,2025-08-09,2025-08-09,2025-11-07,Terminated,,,,2026-06-22,Resignation - relocation,Yes,Full-time,,1.0,40.0,,Onsite,"Team Lead, Engineering",M1,Software Engineering,Engineering,Technology,CC-310-CHI,Meridian Freight Inc.,Chicago HQ,"233 S Wacker Dr, Chicago, IL 60606",America/Chicago,MF00025,Hunter Young,hunter.young@meridianfreight.example,Salaried,Exempt,Bi-weekly,USD,111000.00,,15,,,2025-08-18,8.8,2026-08-28,Exceeds expectations,Wells Fargo,,073660538,347334982,Single,Waived,401(k) 6%,18.6,2.3,No,PhD,Northwestern University,English,React; Go; Terraform,AWS Solutions Architect,L,,C02XKTJY3FNZ,B-31018,CHI-P3-104,,
MF00058,9bd37903-95de-78d7-9675-1028c1b48df9,Kimberly,,Rodriguez,,she/her,Female,1975-03-11,Married,3,American,Hispanic or Latino,Not a protected veteran,No,,kimberly.rodriguez@meridianfreight.example,kimberly.rodriguez91@proton.me,,+1 (852) 555-0136,729 Highland Ave,,Oak Park,IL,60345,United States,Susan Anderson,Partner,+1 (813) 555-0167,965-72-1438,,C1689369,2029-02-08,Citizen,,,,B616-6835-4925,,,2011-11-15,2011-11-15,2011-11-15,2012-02-13,Terminated,,,,2022-06-16,Involuntary - restructuring,Yes,Full-time,,1.0,40.0,,Onsite,"Senior Manager, Engineering",M2,Software Engineering,Engineering,Technology,CC-310-CHI,Meridian Freight Inc.,Chicago HQ,"233 S Wacker Dr, Chicago, IL 60606",America/Chicago,MF00025,Hunter Young,hunter.young@meridianfreight.example,Salaried,Exempt,Bi-weekly,USD,164700.00,,20,,21000,2025-08-14,7.7,2026-08-03,Meets expectations,PNC,,044063638,448253081,Head of household,HMO,401(k) 8%,3.4,6.8,No,Master's degree,Northwestern University,English,Go; TypeScript; Kubernetes,,XXL,,C022HHHUPK3H,B-46642,,https://www.linkedin.com/in/kimberly-rodriguez-284,Referred by an employee
MF00059,89e67771-9c7a-7284-a572-19a4d600996d,Susan,,Jackson,,she/her,Female,1972-02-12,Divorced,2,American,Asian,Not a protected veteran,No,,susan.jackson@meridianfreight.example,susanjackson@outlook.com,+1 (312) 555-0100 ext. 3051,+1 (463) 555-0185,8919 Cedar Ln,,Evanston,IL,60274,United States,Steven Jackson,Mother,+1 (714) 555-0143,967-79-6696,,B2116877,2034-10-31,Citizen,,,,,,,2026-03-23,2026-03-23,2026-03-23,2026-06-21,Active,,,,,,,Full-time,,1.0,40.0,,Onsite,"Manager, Engineering",M2,Software Engineering,Engineering,Technology,CC-310-CHI,Meridian Freight Inc.,Chicago HQ,"233 S Wacker Dr, Chicago, IL 60606",America/Chicago,MF00025,Hunter Young,hunter.young@meridianfreight.example,Salaried,Exempt,Bi-weekly,USD,171400.00,,20,,11500,,,,,Bank of America,,066081352,426391429,Single,Waived,401(k) 4%,25.0,11.6,No,Associate degree,,English,Kubernetes; AWS; Terraform,,M,,C02YMN7KKWXY,B-12359,,https://www.linkedin.com/in/susan-jackson-461,
MF00060,22b26b15-2a2c-7d32-ac81-40ef6fcb99c0,Mary,A.,Davis,,she/her,Female,1990-08-04,Widowed,0,American,Black or African American,Prefer not to say,Prefer not to say,,mary.davis@meridianfreight.example,mary.davis@yahoo.com,,+1 (639) 555-0194,7285 Maple Ave,,Schaumburg,IL,60168,United States,Maria Davis,Father,+1 (508) 555-0153,958-75-7447,,,,Citizen,,,,A801-3910-2713,,,2011-11-06,2011-11-06,2011-11-06,2012-02-04,Active,,,,,,,Full-time,,1.0,40.0,,Hybrid,"Manager, Engineering",M2,Software Engineering,Engineering,Technology,CC-310-CHI,Meridian Freight Inc.,Chicago HQ,"233 S Wacker Dr, Chicago, IL 60606",America/Chicago,MF00025,Hunter Young,hunter.young@meridianfreight.example,Salaried,Exempt,Bi-weekly,USD,130300.00,,20,,,2025-10-23,9.4,2026-01-20,Meets expectations,PNC,,015198803,613827514,Married filing jointly,PPO Gold,401(k) 6%,21.1,10.5,No,Vocational certificate,,English,Go; Kafka; React,AWS Solutions Architect,XS,,C02AK04WCVSG,B-71106,,,Converted from contractor
MF00061,89386d11-227d-794a-9920-9f05479084c5,Tyler,,Johnson,,he/him,Male,1986-07-26,,0,American,Asian,Prefer not to say,No,,tyler.johnson@meridianfreight.example,tyler_johnson61@yahoo.com,+1 (312) 555-0100 ext. 2342,+1 (608) 555-0117,3849 Maple Ave,Apt 4B,Oak Park,IL,60392,United States,Joseph Moore,Friend,+1 (750) 555-0172,915-72-1618,,M5374344,2030-11-29,Citizen,,,,,,,2026-12-06,2008-04-03,2026-12-06,2027-03-06,Pre-hire,,,,,,,Full-time,,1.0,40.0,,Hybrid,"Manager, Engineering",M2,Software Engineering,Engineering,Technology,CC-310-CHI,Meridian Freight Inc.,Chicago HQ,"233 S Wacker Dr, Chicago, IL 60606",America/Chicago,MF00025,Hunter Young,hunter.young@meridianfreight.example,Salaried,Exempt,Bi-weekly,USD,160900.00,,20,,,,,,,PNC,,074450902,775644619,Head of household,Waived,401(k) 5%,24.1,6.3,No,MBA,University of Manchester,English,TypeScript; Terraform; Kafka,,XL,,C02R3V4SNW2T,B-29789,,https://www.linkedin.com/in/tyler-johnson-458,Relocated from another office
MF00062,ec6fb47b-7588-7640-938c-b4ffc6021875,Elizabeth,D.,Walker,Liz,she/her,Female,1981-05-05,Single,0,American,Black or African American,Not a protected veteran,Prefer not to say,,liz.walker@meridianfreight.example,lizwalker78@outlook.com,,+1 (318) 555-0163,2574 River Rd,,Naperville,IL,60546,United States,Hiroshi Walker,Father,+1 (349) 555-0183,929-75-8401,,A8065524,2032-01-17,Citizen,,,,,,,2026-05-17,2020-10-28,2020-10-28,2026-08-15,Active,,,,,,,Full-time,,1.0,40.0,,Hybrid,"Manager, Engineering",M1,Software Engineering,Engineering,Technology,CC-310-CHI,Meridian Freight Inc.,Chicago HQ,"233 S Wacker Dr, Chicago, IL 60606",America/Chicago,MF00025,Hunter Young,hunter.young@meridianfreight.example,Salaried,Exempt,Bi-weekly,USD,99700.00,,15,,,,,,,Bank of America,,056577520,237842974,Single,Waived,401(k) 10%,5.4,2.7,No,Vocational certificate,,English,AWS; TypeScript; Terraform,,S,,C02UQY618HLB,B-67672,CHI-P2-210,https://www.linkedin.com/in/liz-walker-517,Converted from contractor
MF00063,97bf5483-e382-7fc1-81e3-9132cd2a3874,Kavya,,Joshi,,she/her,Female,1982-09-18,Domestic partnership,0,Indian,,,No,,kavya.joshi@meridianfreight.example,kavyajoshi@yahoo.com,,+91 9662 46411,34 Outer Ring Road,,Electronic City,KA,560130,India,Vivaan Joshi,Spouse,+91 9317 95917,SBSPV7700L,,,,Citizen,,,,F154-6365-9715,,,2008-04-13,2008-04-13,2008-04-13,2008-10-10,Active,,,,,,,Full-time,,1.0,45.0,,Hybrid,"Team Lead, Engineering",M2,Software Engineering,Engineering,Technology,CC-310-BLR,Meridian Freight Technologies Pvt. Ltd.,Bengaluru Tech Center,"Embassy TechVillage, Outer Ring Road, Bengaluru 560103",Asia/Kolkata,MF00026,Rohan Reddy,rohan.reddy@meridianfreight.example,Salaried,,Monthly,INR,4610100.00,,20,,27000,2025-05-27,7.7,2026-06-01,Needs improvement,ICICI Bank,,689725277326,HDFC0553509,Old regime,Group Mediclaim Family,EPF,21.9,2.4,No,MBA,Universität Hamburg,English; Telugu,Go; React; Terraform,CKA (Kubernetes),M,,C026GS09TM48,B-53062,BLR-P1-171,,Referred by an employee
MF00064,24d4367f-daf1-7b36-aa82-915480d77be1,Siddharth,,Singh,Sid,he/him,Male,1987-08-02,Domestic partnership,1,Indian,,,No,Christian,sid.singh@meridianfreight.example,sid.singh@hotmail.com,,+91 9870 85964,180 Old Airport Road,2. OG,Electronic City,KA,560177,India,Arjun Rao,Partner,+91 9581 26841,YXFPC3979L,,K5682118,2035-11-24,Citizen,,,,F514-6541-9796,,,2015-09-19,2015-09-19,2015-09-19,2016-03-17,Active,,,,,,,Full-time,,1.0,45.0,,Remote,"Team Lead, Engineering",M2,Software Engineering,Engineering,Technology,CC-310-BLR,Meridian Freight Technologies Pvt. Ltd.,Bengaluru Tech Center,"Embassy TechVillage, Outer Ring Road, Bengaluru 560103",Asia/Kolkata,MF00026,Rohan Reddy,rohan.reddy@meridianfreight.example,Salaried,,Monthly,INR,4235300.00,,20,,,2025-10-16,8.0,2026-08-26,Outstanding,State Bank of India,,140414876851,HDFC0684131,Old regime,Group Mediclaim Self,EPF,14.9,8.4,No,Master's degree,Universidad Complutense de Madrid,English; Telugu,Kafka; TypeScript; Terraform,,,,C02YU3D1AHLF,B-25863,,https://www.linkedin.com/in/sid-singh-482,
MF00065,6fd3d6f8-30a5-7a69-ad25-5afe8251b4dc,Sneha,,Banerjee,,she/her,Female,2003-11-08,,0,Italian,,,Prefer not to say,Prefer not to say,sneha.banerjee@meridianfreight.example,snehabanerjee@gmail.com,+91 80 4040 0000 ext. 2294,+91 9350 69520,82 Sarjapur Road,Apt 4B,Electronic City,KA,560164,India,Karthik Banerjee,Mother,+91 9265 93029,ETWPR1018P,,,,Work permit,Employment visa,W52888207,2027-05-18,M439-8022-1039,,,2024-07-25,2024-07-25,2024-07-25,2025-01-21,Terminated,,,,2026-08-17,Resignation - relocation,Yes,Full-time,,1.0,45.0,,Hybrid,"Manager, Engineering",M1,Software Engineering,Engineering,Technology,CC-310-BLR,Meridian Freight Technologies Pvt. Ltd.,Bengaluru Tech Center,"Embassy TechVillage, Outer Ring Road, Bengaluru 560103",Asia/Kolkata,MF00026,Rohan Reddy,rohan.reddy@meridianfreight.example,Salaried,,Monthly,INR,3255100.00,,15,,9000,2026-03-20,6.0,2026-03-24,Meets expectations,Axis Bank,,487908294519,HDFC0879244,Old regime,Group Mediclaim Family,EPF,8.9,10.8,No,PhD,DePaul University,English; Hindi; Mandarin,Kafka; PostgreSQL; Kubernetes,AWS Solutions Architect,M,,C028EM7QY0BR,B-32215,BLR-P2-041,,Converted from contractor
MF00066,af75e2c2-b339-780c-ba42-a84f2e2303a9,Arjun,,Mehta,,he/him,Male,1986-01-21,Widowed,1,Brazilian,,,No,,arjun.mehta@meridianfreight.example,arjun_mehta@proton.me,+91 80 4040 0000 ext. 2391,+91 9108 99752,122 100 Feet Road,,Bengaluru,KA,560086,India,Nandini Mehta,Spouse,+91 9859 69401,DNDPG5123Z,,,,Work permit,Employment visa,X99596393,2028-11-24,,,,2011-06-26,2011-06-26,2011-06-26,2011-12-23,Terminated,,,,2014-08-28,Retirement,Yes,Full-time,,1.0,45.0,,Onsite,"Team Lead, Engineering",M2,Software Engineering,Engineering,Technology,CC-310-BLR,Meridian Freight Technologies Pvt. Ltd.,Bengaluru Tech Center,"Embassy TechVillage, Outer Ring Road, Bengaluru 560103",Asia/Kolkata,MF00026,Rohan Reddy,rohan.reddy@meridianfreight.example,Salaried,,Monthly,INR,4090200.00,,20,,,2025-10-18,5.7,2026-06-27,Needs improvement,ICICI Bank,,893917551273,HDFC0804688,New regime,Group Mediclaim Family,EPF,15.9,0.6,No,Master's degree,Georgia Tech,English; Tamil; Spanish,Kafka; React; TypeScript,,M,,C02ML3ZYUSV0,B-16265,BLR-P1-167,https://www.linkedin.com/in/arjun-mehta-759,
MF00067,1696623b-817e-76a6-9e5b-79263106e281,Rahul,A.,Patel,,he/him,Male,1985-09-06,Domestic partnership,0,Indian,,,Prefer not to say,Muslim,rahul.patel@meridianfreight.example,rahul.patel23@proton.me,,+91 9653 24903,58 Bannerghatta Road,,Electronic City,KA,560151,India,Isha Reddy,Mother,+91 9833 41557,YUNPE9765K,,,,Citizen,,,,,,,2013-05-13,2013-05-13,2013-05-13,2013-11-09,Terminated,,,,2024-02-22,Retirement,Yes,Full-time,,1.0,45.0,,Remote,"Manager, Engineering",M1,Software Engineering,Engineering,Technology,CC-310-BLR,Meridian Freight Technologies Pvt. Ltd.,Bengaluru Tech Center,"Embassy TechVillage, Outer Ring Road, Bengaluru 560103",Asia/Kolkata,MF00026,Rohan Reddy,rohan.reddy@meridianfreight.example,Salaried,,Monthly,INR,3144400.00,,15,,5500,2025-12-03,3.7,2026-07-18,Meets expectations,ICICI Bank,,138370456250,HDFC0470458,Old regime,Group Mediclaim Self,EPF,7.1,4.7,No,Associate degree,,English; Hindi,AWS; PostgreSQL; TypeScript,,XXL,,C026JZCURE0U,B-26475,,https://www.linkedin.com/in/rahul-patel-270,Converted from contractor
MF00068,cd10f8d2-b6f7-7f98-a59c-270fd005d947,Ananya,,Banerjee,,she/her,Female,1967-05-24,Widowed,1,Indian,,,No,Christian,ananya.banerjee@meridianfreight.example,ananya.banerjee@proton.me,,+91 9666 77118,169 Old Airport Road,,Bengaluru,KA,560035,India,Harish Banerjee,Spouse,+91 9300 31968,FGKPW6443Y,,X5033621,2028-09-14,Citizen,,,,,,,2011-08-29,2011-08-29,2011-08-29,2012-02-25,Active,,,,,,,Full-time,,1.0,45.0,,Hybrid,"Manager, Engineering",M1,Software Engineering,Engineering,Technology,CC-310-BLR,Meridian Freight Technologies Pvt. Ltd.,Bengaluru Tech Center,"Embassy TechVillage, Outer Ring Road, Bengaluru 560103",Asia/Kolkata,MF00026,Rohan Reddy,rohan.reddy@meridianfreight.example,Salaried,,Monthly,INR,3262700.00,,15,,8000,2024-12-25,2.0,2026-06-18,Meets expectations,State Bank of India,,330137485531,HDFC0194821,New regime,Group Mediclaim Family,EPF,4.1,9.7,No,Master's degree,Georgia Tech,English; Tamil; Polish,TypeScript; Terraform; React,AWS Solutions Architect,L,Kosher,C02NTPK2B9JL,B-74562,,,
MF00069,1bda1777-da14-77d0-9785-72e3cd6d076b,Sneha,H.,Banerjee,,,Prefer not to say,1971-05-24,Widowed,2,Indian,,,Yes,,sneha.banerjee2@meridianfreight.example,sneha.banerjee2@hotmail.com,,+91 9939 96402,173 Bannerghatta Road,,Electronic City,KA,560187,India,Aditya Banerjee,Father,+91 9260 17803,ZRWPY6026S,,,,Citizen,,,,,,,2005-05-23,2005-05-23,2005-05-23,2005-11-19,Active,,,,,,,Full-time,,1.0,45.0,,Onsite,"Manager, Engineering",M2,Software Engineering,Engineering,Technology,CC-310-BLR,Meridian Freight Technologies Pvt. Ltd.,Bengaluru Tech Center,"Embassy TechVillage, Outer Ring Road, Bengaluru 560103",Asia/Kolkata,MF00026,Rohan Reddy,rohan.reddy@meridianfreight.example,Salaried,,Monthly,INR,3887000.00,,20,,11000,2025-09-12,6.8,2026-07-07,Needs improvement,Axis Bank,,370547816818,HDFC0660917,Old regime,Group Mediclaim Self,EPF,13.2,5.3,No,MBA,DePaul University,English; Tamil,AWS; Kubernetes; TypeScript,,L,,C02L2J5Y60JL,B-76346,,,Converted from contractor
MF00070,df070d0e-ca40-720f-9419-9a6ea9f8854d,Arjun,,Singh,,he/him,Male,1989-02-13,Married,1,Indian,,,No,,arjun.singh@meridianfreight.example,arjun_singh98@yahoo.com,,+91 9489 41346,64 MG Road,,Bengaluru,KA,560129,India,Diya Singh,Father,+91 9618 39935,ZMFPB3974T,,,,Citizen,,,,,,,2025-09-06,2025-09-06,2025-09-06,2026-03-05,Active,,,,,,,Full-time,,1.0,45.0,,Remote,"Team Lead, Engineering",M2,Software Engineering,Engineering,Technology,CC-310-BLR,Meridian Freight Technologies Pvt. Ltd.,Bengaluru Tech Center,"Embassy TechVillage, Outer Ring Road, Bengaluru 560103",Asia/Kolkata,MF00026,Rohan Reddy,rohan.reddy@meridianfreight.example,Salaried,,Monthly,INR,4239100.00,,20,,10500,2026-04-13,4.1,2026-04-12,Needs improvement,HDFC Bank,,842823466159,HDFC0680170,Old regime,Group Mediclaim Self,EPF,0.3,6.7,No,PhD,Universidad Complutense de Madrid,English; Tamil; Polish,Kafka; Go; Kubernetes,,XXL,,C02HF18ZU1JA,B-16029,BLR-P2-074,https://www.linkedin.com/in/arjun-singh-597,
MF00071,cbd2d373-cb36-764d-b524-71d06fc58bde,Priya,V.,Reddy,,she/her,Female,1973-07-17,Married,1,Indian,,,No,Prefer not to say,priya.reddy@meridianfreight.example,priya.reddy@icloud.com,+91 80 4040 0000 ext. 1247,+91 9219 87745,79 100 Feet Road,,Bengaluru,KA,560171,India,Aarav Reddy,Mother,+91 9762 79008,USVPB3921E,,L1370144,2027-12-27,Citizen,,,,,,,2012-06-04,2012-06-04,2012-06-04,2012-12-01,Active,,,,,,,Full-time,,1.0,45.0,,Hybrid,"Manager, Engineering",M2,Software Engineering,Engineering,Technology,CC-310-BLR,Meridian Freight Technologies Pvt. Ltd.,Bengaluru Tech Center,"Embassy TechVillage, Outer Ring Road, Bengaluru 560103",Asia/Kolkata,MF00026,Rohan Reddy,rohan.reddy@meridianfreight.example,Salaried,,Monthly,INR,4600800.00,,20,,,2024-11-25,5.9,2026-07-25,Meets expectations,ICICI Bank,,373206236649,HDFC0324967,New regime,Group Mediclaim Self,EPF,1.7,9.5,No,Bachelor's degree,Purdue University,English; Tamil,TypeScript; Kafka; Terraform,,L,,C02AXQHB3FPH,B-36038,BLR-P1-131,,Relocated from another office
MF00072,69c5cbaf-e3d7-7af4-ab54-4b9f20322931,Siddharth,,Sharma,Sid,he/him,Male,1970-11-16,Single,0,Indian,,,No,Prefer not to say,sid.sharma@meridianfreight.example,sid_sharma@gmail.com,+91 80 4040 0000 ext. 3916,+91 9556 45559,72 100 Feet Road,,Electronic City,KA,560158,India,Ananya Nair,Friend,+91 9685 43130,LLGPR6353F,,,,Citizen,,,,,,,2004-12-22,2004-12-22,2004-12-22,2005-06-20,Active,,,,,,,Full-time,,1.0,45.0,,Onsite,"Team Lead, Engineering",M2,Software Engineering,Engineering,Technology,CC-310-BLR,Meridian Freight Technologies Pvt. Ltd.,Bengaluru Tech Center,"Embassy TechVillage, Outer Ring Road, Bengaluru 560103",Asia/Kolkata,MF00026,Rohan Reddy,rohan.reddy@meridianfreight.example,Salaried,,Monthly,INR,4007800.00,,20,,16500,2026-07-15,8.4,2025-12-15,Outstanding,ICICI Bank,,662310879504,HDFC0784908,New regime,Group Mediclaim Self,EPF,9.1,4.3,No,PhD,UT Austin,English; Telugu,AWS; TypeScript; React,,L,,C02F58S8W573,B-63253,BLR-P1-197,https://www.linkedin.com/in/sid-sharma-780,Referred by an employee
MF00073,a9e449ac-c6f3-72fb-a531-f6f2c8616451,Nancy,M.,Nelson,,she/her,Female,1969-03-30,Married,0,American,,Not a protected veteran,Yes,,nancy.nelson@meridianfreight.example,nancy.nelson92@icloud.com,+1 (312) 555-0100 ext. 4425,+1 (718) 555-0174,6679 Sunset Blvd,Unit 12,Chicago,IL,60605,United States,Mary Nelson,Spouse,+1 (910) 555-0150,962-79-1033,,N4682037,2029-08-24,Citizen,,,,L518-3260-6797,,,2006-07-09,2006-07-09,2006-07-09,2006-10-07,Active,,,,,,,Full-time,,1.0,40.0,,Hybrid,"Senior Manager, Data & Analytics",M1,Data,Data & Analytics,Technology,CC-320-CHI,Meridian Freight Inc.,Chicago HQ,"233 S Wacker Dr, Chicago, IL 60606",America/Chicago,MF00027,Aaliyah Rodriguez,aaliyah.rodriguez@meridianfreight.example,Salaried,Exempt,Bi-weekly,USD,114900.00,,15,,20000,,,2026-08-26,Meets expectations,Bank of America,,051440679,852428238,Head of household,HMO,401(k) 5%,10.0,0.2,No,Bachelor's degree,DePaul University,English,Looker; SQL; Spark,,XS,,C02HLP2X84RE,B-72551,,https://www.linkedin.com/in/nancy-nelson-116,
MF00074,d7a75bb9-5071-73a9-8594-7fae4ec87d69,Wei,,Rivera,,he/him,Male,1996-10-31,Single,0,American,Black or African American,Protected veteran,No,,wei.rivera@meridianfreight.example,wei.rivera65@proton.me,+1 (312) 555-0100 ext. 3079,+1 (695) 555-0171,2899 Elm St,,Evanston,IL,60248,United States,Emily Rivera,Spouse,+1 (482) 555-0196,992-84-2284,,B9539623,2027-09-04,Citizen,,,,,,,2025-02-02,2025-02-02,2025-02-02,2025-05-03,Active,,,,,,,Full-time,,1.0,40.0,,Hybrid,"Senior Manager, Data & Analytics",M1,Data,Data & Analytics,Technology,CC-320-CHI,Meridian Freight Inc.,Chicago HQ,"233 S Wacker Dr, Chicago, IL 60606",America/Chicago,MF00027,Aaliyah Rodriguez,aaliyah.rodriguez@meridianfreight.example,Salaried,Exempt,Bi-weekly,USD,116600.00,,15,,,2025-11-21,5.8,2026-05-04,Meets expectations,Wells Fargo,,084667859,451296565,Married filing jointly,Waived,401(k) 3%,6.5,2.2,No,Bachelor's degree,Purdue University,English; Spanish,Looker; Statistics; Python,,L,,C02E5VQP621L,B-15168,CHI-P3-097,https://www.linkedin.com/in/wei-rivera-479,Relocated from another office
MF00075,6ebf7aa7-9edf-7aab-9a6a-83f500528d4f,Carol,,Williams,,she/her,Female,1967-10-24,Single,0,American,Prefer not to say,Prefer not to say,Prefer not to say,,carol.williams@meridianfreight.example,carol.williams76@gmail.com,+1 (312) 555-0100 ext. 4975,+1 (365) 555-0118,3854 Park Pl,,Chicago,IL,60677,United States,Ashley Smith,Father,+1 (517) 555-0160,952-86-6886,,X8313890,2029-09-18,Citizen,,,,R548-1733-3321,,,2026-04-14,2026-04-14,2026-04-14,2026-07-13,Active,,,,,,,Full-time,,1.0,40.0,,Hybrid,"Senior Manager, Data & Analytics",M1,Data,Data & Analytics,Technology,CC-320-CHI,Meridian Freight Inc.,Chicago HQ,"233 S Wacker Dr, Chicago, IL 60606",America/Chicago,MF00027,Aaliyah Rodriguez,aaliyah.rodriguez@meridianfreight.example,Salaried,Exempt,Bi-weekly,USD,124700.00,,15,,24500,,,,,Bank of America,,059673047,185469427,Single,Waived,401(k) 8%,17.8,0.7,No,Associate degree,,English,Spark; SQL; dbt,,L,Vegan,C024Q75C61FS,B-70035,,,
MF00076,54e52ecd-69f2-71ae-a25e-7df1571a095a,Aaliyah,,Scott,,she/her,Female,1979-03-23,Widowed,2,American,Prefer not to say,Prefer not to say,No,,aaliyah.scott@meridianfreight.example,aaliyah_scott@proton.me,,+1 (277) 555-0147,2631 Sunset Blvd,,Evanston,IL,60268,United States,Hiroshi Green,Friend,+1 (295) 555-0186,934-81-9215,,Z3183662,2030-04-10,Citizen,,,,,,,2012-05-28,2012-05-28,2012-05-28,2012-08-26,Active,,,,,,,Full-time,,1.0,40.0,,Remote,"Team Lead, Data & Analytics",M1,Data,Data & Analytics,Technology,CC-320-CHI,Meridian Freight Inc.,Chicago HQ,"233 S Wacker Dr, Chicago, IL 60606",America/Chicago,MF00027,Aaliyah Rodriguez,aaliyah.rodriguez@meridianfreight.example,Salaried,Exempt,Bi-weekly,USD,120500.00,,15,,2500,2025-10-28,3.9,2026-07-23,Meets expectations,Citibank,,065419490,876272172,Head of household,HDHP + HSA,401(k) 10%,17.4,1.0,No,Vocational certificate,,English,dbt; Python; Spark,,,,C0255FEYXY40,B-58672,,https://www.linkedin.com/in/aaliyah-scott-795,Referred by an employee
MF00077,7610d580-205c-78ba-a6ef-afa5adff9479,Madison,,Martinez,,she/her,Female,1967-06-25,Married,2,American,Prefer not to say,Protected veteran,Prefer not to say,,madison.martinez@meridianfreight.example,madisonmartinez19@gmail.com,+1 (312) 555-0100 ext. 1602,+1 (318) 555-0181,5337 Madison Ave,,Naperville,IL,60536,United States,Hiroshi Martinez,Mother,+1 (982) 555-0123,952-82-1248,,,,Citizen,,,,,,,2019-05-28,2019-05-28,2019-05-28,2019-08-26,Active,,,,,,,Full-time,,1.0,40.0,,Onsite,"Team Lead, Data & Analytics",M1,Data,Data & Analytics,Technology,CC-320-CHI,Meridian Freight Inc.,Chicago HQ,"233 S Wacker Dr, Chicago, IL 60606",America/Chicago,MF00027,Aaliyah Rodriguez,aaliyah.rodriguez@meridianfreight.example,Salaried,Exempt,Bi-weekly,USD,109600.00,,15,,,2026-05-27,4.4,2026-08-20,Needs improvement,Chase,,090164377,892105001,Single,HMO,401(k) 10%,5.9,8.3,No,Vocational certificate,,English,dbt; Statistics; SQL,,XL,,C0223A8BUU9C,B-77293,,,Converted from contractor
MF00078,10009e27-435a-77d0-98d1-c51256c14f15,Marcus,,Carter,,he/him,Male,1991-05-09,,0,American,Asian,Not a protected veteran,No,,marcus.carter@meridianfreight.example,marcuscarter@yahoo.com,,+1 (939) 555-0190,4053 Highland Ave,Flat 3,Evanston,IL,60293,United States,Wei Moore,Sibling,+1 (242) 555-0199,939-75-3386,,C8820931,2036-02-13,Citizen,,,,H449-1818-4299,,,2024-08-24,2024-08-24,2024-08-24,2024-11-22,Active,,,,,,,Full-time,,1.0,40.0,,Onsite,"Team Lead, IT",M1,IT,IT,Technology,CC-330-CHI,Meridian Freight Inc.,Chicago HQ,"233 S Wacker Dr, Chicago, IL 60606",America/Chicago,MF00028,Mei Chen,mei.chen@meridianfreight.example,Salaried,Exempt,Bi-weekly,USD,114500.00,,15,,,2025-02-08,2.3,2025-12-22,Meets expectations,PNC,,069654854,643044970,Single,PPO Silver,401(k) 8%,23.3,4.7,No,Bachelor's degree,Universität Hamburg,English,Excel; Communication; Project management,CompTIA Security+,L,Nut allergy,C02X0ALR1LG7,B-18490,,,Returning after parental leave
MF00079,a065261e-157b-7426-b2df-8c48bc950b30,Ana,,Nguyen,,she/her,Female,2004-12-23,Married,3,American,,Not a protected veteran,No,,ana.nguyen@meridianfreight.example,ana.nguyen33@gmail.com,+1 (312) 555-0100 ext. 1144,+1 (663) 555-0100,5642 Lakeview Dr,,Naperville,IL,60572,United States,Fatima Thompson,Friend,+1 (586) 555-0119,928-80-3580,,P6650713,2026-11-16,Citizen,,,,,,,2026-11-30,2026-03-03,2026-11-30,2027-02-28,Pre-hire,,,,,,,Contractor,2027-12-19,1.0,40.0,,Onsite,"Team Lead, IT",M1,IT,IT,Technology,CC-330-CHI,Meridian Freight Inc.,Chicago HQ,"233 S Wacker Dr, Chicago, IL 60606",America/Chicago,MF00028,Mei Chen,mei.chen@meridianfreight.example,Salaried,Exempt,Bi-weekly,USD,99600.00,,15,,,,,,,Chase,,083540125,550689700,Married filing jointly,PPO Silver,401(k) 10%,6.1,5.2,No,Bachelor's degree,Georgia Tech,English,Project management; Communication; Excel,,S,,C02DADFQJKYC,B-36982,,,Converted from contractor
MF00080,9286ce72-3f91-79e6-8a1f-dd00aeda30ee,Sarah,,Sanchez,,she/her,Female,1995-08-12,Widowed,2,American,,Not a protected veteran,Yes,,sarah.sanchez@meridianfreight.example,sarah_sanchez47@icloud.com,+1 (312) 555-0100 ext. 3156,+1 (422) 555-0154,8143 Cedar Ln,,Naperville,IL,60536,United States,Carlos Sanchez,Sibling,+1 (291) 555-0177,916-78-4776,,Z9926494,2036-03-18,Citizen,,,,,,,2015-07-26,2015-07-26,2015-07-26,2015-10-24,Active,,,,,,,Full-time,,1.0,40.0,,Hybrid,"Senior Manager, IT",M1,IT,IT,Technology,CC-330-CHI,Meridian Freight Inc.,Chicago HQ,"233 S Wacker Dr, Chicago, IL 60606",America/Chicago,MF00028,Mei Chen,mei.chen@meridianfreight.example,Salaried,Exempt,Bi-weekly,USD,94700.00,,15,,7000,2026-02-10,8.0,2026-02-16,Meets expectations,Citibank,,085153863,231892792,Head of household,PPO Silver,401(k) 5%,22.4,0.5,No,Vocational certificate,,English,Excel; Communication; Project management,,XXL,Vegetarian,C02RDBJYB3Z0,B-64274,,,Converted from contractor
MF00081,9c515888-facb-7a7a-8518-df59d52dbb95,Jessica,P.,Rivera,,she/her,Female,1989-12-25,Single,1,American,Prefer not to say,Not a protected veteran,Yes,,jessica.rivera@meridianfreight.example,jessica_rivera@gmail.com,+1 (312) 555-0100 ext. 1349,+1 (236) 555-0183,1906 Oak St,,Chicago,IL,60650,United States,Ana Lee,Partner,+1 (618) 555-0113,974-83-9783,,P4124903,2030-11-04,Citizen,,,,,,,2017-10-29,2017-10-29,2017-10-29,2018-01-27,Active,,,,,,,Full-time,,1.0,40.0,,Hybrid,"Senior Manager, IT",M2,IT,IT,Technology,CC-330-CHI,Meridian Freight Inc.,Chicago HQ,"233 S Wacker Dr, Chicago, IL 60606",America/Chicago,MF00028,Mei Chen,mei.chen@meridianfreight.example,Salaried,Exempt,Bi-weekly,USD,169400.00,,20,,29000,2025-03-01,8.6,2026-01-14,Exceeds expectations,Chase,,017512010,694752614,Married filing jointly,HDHP + HSA,401(k) 4%,20.0,0.4,No,Master's degree,University of Manchester,English,Excel; Communication; Project management,,XXL,,C02LVHLB65SE,B-46030,,https://www.linkedin.com/in/jessica-rivera-891,Internal transfer
MF00082,54afa5a0-eebb-7d40-8936-329a76b05082,Madison,,Carter,,she/her,Female,1981-05-07,Single,0,American,Black or African American,Prefer not to say,No,,madison.carter@meridianfreight.example,madisoncarter@proton.me,,+1 (358) 555-0135,869 Sunset Blvd,,Evanston,IL,60223,United States,Aaliyah Washington,Mother,+1 (886) 555-0151,916-86-7278,,,,Citizen,,,,,,,2004-04-18,2004-04-18,2004-04-18,2004-07-17,Active,,,,,,,Full-time,,1.0,40.0,,Hybrid,"Manager, Product",M2,Product,Product,Technology,CC-340-CHI,Meridian Freight Inc.,Chicago HQ,"233 S Wacker Dr, Chicago, IL 60606",America/Chicago,MF00029,Thomas Perez,thomas.perez@meridianfreight.example,Salaried,Exempt,Bi-weekly,USD,151000.00,,20,,9500,2024-11-15,2.3,2025-12-16,Outstanding,US Bank,,023298021,960485934,Head of household,HMO,401(k) 5%,25.1,6.5,No,PhD,Universität Hamburg,English,Excel; Communication; Project management,,L,,C02JP8CXT449,B-83989,,https://www.linkedin.com/in/madison-carter-835,
MF00083,30db8049-638c-7e26-a53e-d9b4b792feed,Jamal,M.,Johnson,,he/him,Male,2001-04-09,Divorced,0,American,,Protected veteran,No,,jamal.johnson@meridianfreight.example,jamal_johnson51@yahoo.com,+1 (312) 555-0100 ext. 4647,+1 (910) 555-0141,5579 Maple Ave,,Naperville,IL,60504,United States,Elizabeth Martin,Mother,+1 (632) 555-0126,919-72-5992,,,,Citizen,,,,B330-7014-5027,,,2024-02-06,2024-02-06,2024-02-06,2024-05-06,Active,,,,,,,Full-time,,1.0,40.0,,Hybrid,"Manager, Product",M1,Product,Product,Technology,CC-340-CHI,Meridian Freight Inc.,Chicago HQ,"233 S Wacker Dr, Chicago, IL 60606",America/Chicago,MF00029,Thomas Perez,thomas.perez@meridianfreight.example,Salaried,Exempt,Bi-weekly,USD,118200.00,,15,,18500,2026-07-20,2.5,2026-06-12,Needs improvement,PNC,,052981869,956388788,Married filing jointly,PPO Gold,401(k) 5%,1.4,2.7,No,PhD,Universität Hamburg,English,Communication; Project management; Excel,,L,,C02AC72WZ4B9,B-47822,,https://www.linkedin.com/in/jamal-johnson-982,
MF00084,3c0faa3d-77b0-7974-82ee-b8a6dfafd5c4,Karen,M.,Okafor,,she/her,Female,2001-01-28,Married,1,American,Prefer not to say,Protected veteran,No,,karen.okafor@meridianfreight.example,karenokafor15@icloud.com,+1 (312) 555-0100 ext. 3499,+1 (651) 555-0182,870 Madison Ave,3º Izq.,Evanston,IL,60265,United States,Kevin Martin,Partner,+1 (509) 555-0169,939-71-3241,,B4708516,2035-11-27,Citizen,,,,,,,2023-06-20,2023-06-20,2023-06-20,2023-09-18,Active,,,,,,,Full-time,,1.0,40.0,,Hybrid,"Team Lead, Product",M1,Product,Product,Technology,CC-340-CHI,Meridian Freight Inc.,Chicago HQ,"233 S Wacker Dr, Chicago, IL 60606",America/Chicago,MF00029,Thomas Perez,thomas.perez@meridianfreight.example,Salaried,Exempt,Bi-weekly,USD,118000.00,,15,,15000,2025-03-06,3.3,2025-12-18,Meets expectations,US Bank,,010604194,130616554,Head of household,HMO,401(k) 8%,5.3,11.9,No,PhD,Purdue University,English,Project management; Excel; Communication,Pragmatic Marketing,M,Halal,C022UFG99YGM,B-69295,,,Returning after parental leave
MF00085,f559ea8d-53b2-712a-af61-95576dc1f0a6,Ashley,K.,Gonzalez,,she/her,Female,1986-07-25,Domestic partnership,1,American,White,Protected veteran,Prefer not to say,,ashley.gonzalez@meridianfreight.example,ashley.gonzalez@proton.me,+1 (312) 555-0100 ext. 2600,+1 (505) 555-0110,2055 Highland Ave,,Chicago,IL,60664,United States,Charles Gonzalez,Spouse,+1 (674) 555-0118,948-81-5899,,N5302431,2032-12-26,Citizen,,,,,,,2014-12-06,2014-12-06,2014-12-06,2015-03-06,Active,,,,,,,Full-time,,1.0,40.0,,Onsite,"Team Lead, Product",M1,Product,Product,Technology,CC-340-CHI,Meridian Freight Inc.,Chicago HQ,"233 S Wacker Dr, Chicago, IL 60606",America/Chicago,MF00029,Thomas Perez,thomas.perez@meridianfreight.example,Salaried,Exempt,Bi-weekly,USD,94600.00,,15,,21000,2024-11-01,2.4,2026-02-27,Meets expectations,Bank of America,,077636162,612206013,Married filing jointly,Waived,401(k) 10%,24.5,3.3,No,Associate degree,,English,Project management; Communication; Excel,CSPO,S,,C02AWVJ2KERG,B-47637,,https://www.linkedin.com/in/ashley-gonzalez-591,Internal transfer
MF00086,a7f34283-4bdb-7476-ab99-8a1ff386ad8f,Omar,E.,Thomas,,he/him,Male,1973-04-25,,0,American,Hispanic or Latino,Not a protected veteran,Yes,,omar.thomas@meridianfreight.example,omar.thomas@yahoo.com,,+1 (665) 555-0169,6867 River Rd,,Oak Park,IL,60375,United States,Mei King,Friend,+1 (868) 555-0166,981-76-9825,,Z9969561,2035-04-18,Citizen,,,,,,,2009-07-04,2009-07-04,2009-07-04,2009-10-02,Active,,,,,,,Full-time,,1.0,40.0,,Hybrid,"Senior Manager, Operations",M2,Logistics Operations,Operations,Operations,CC-410-CHI,Meridian Freight Inc.,Chicago HQ,"233 S Wacker Dr, Chicago, IL 60606",America/Chicago,MF00030,Mike Lee,mike.lee@meridianfreight.example,Salaried,Exempt,Bi-weekly,USD,158500.00,,20,,3500,2025-02-18,3.8,2026-04-30,Outstanding,US Bank,,055275214,680170379,Single,HDHP + HSA,401(k) 10%,27.2,7.7,No,High school diploma,,English,Incoterms; TMS; Customs brokerage,,XS,,C023Y3N8WASA,B-69641,,https://www.linkedin.com/in/omar-thomas-947,Referred by an employee
MF00087,406c96d2-f87b-7ec7-b614-304ede85400a,Donald,D.,Taylor,,he/him,Male,1987-03-03,Divorced,2,American,,Not a protected veteran,No,,donald.taylor@meridianfreight.example,donald.taylor59@gmail.com,+1 (312) 555-0100 ext. 1890,+1 (837) 555-0119,6294 Pine Ridge Rd,,Evanston,IL,60239,United States,Luis Taylor,Sibling,+1 (408) 555-0189,985-79-4062,,,,Citizen,,,,,,,2021-05-07,2021-05-07,2021-05-07,2021-08-05,Active,,,,,,,Full-time,,1.0,40.0,,Remote,"Team Lead, Operations",M1,Logistics Operations,Operations,Operations,CC-410-CHI,Meridian Freight Inc.,Chicago HQ,"233 S Wacker Dr, Chicago, IL 60606",America/Chicago,MF00030,Mike Lee,mike.lee@meridianfreight.example,Salaried,Exempt,Bi-weekly,USD,104300.00,,15,,30000,2026-02-05,8.9,2026-05-10,Meets expectations,PNC,,048156147,456684076,Single,HDHP + HSA,401(k) 8%,0.5,6.6,No,PhD,Universität Hamburg,English,Customs brokerage; Incoterms; Route optimisation,Customs Broker License,XXL,,C02ZZYTZB5N1,B-70529,,https://www.linkedin.com/in/donald-taylor-887,
MF00088,259dfdcf-799e-7ff0-99c8-9bdf2d57989e,Donna,,Johnson,,she/her,Female,1991-11-08,Single,0,American,Prefer not to say,Not a protected veteran,Yes,,donna.johnson@meridianfreight.example,donna.johnson@outlook.com,+1 (312) 555-0100 ext. 3356,+1 (812) 555-0120,3545 2nd St,Unit 12,Oak Park,IL,60363,United States,Tanisha Johnson,Mother,+1 (260) 555-0136,984-84-4705,,N5054496,2027-07-27,Citizen,,,,,,,2013-01-15,2013-01-15,2013-01-15,2013-04-15,Active,,,,,,,Full-time,,1.0,40.0,,Remote,"Manager, Operations",M1,Logistics Operations,Operations,Operations,CC-410-CHI,Meridian Freight Inc.,Chicago HQ,"233 S Wacker Dr, Chicago, IL 60606",America/Chicago,MF00030,Mike Lee,mike.lee@meridianfreight.example,Salaried,Exempt,Bi-weekly,USD,102200.00,,15,,25500,,,2026-03-14,Meets expectations,PNC,,042222683,249003687,Single,HMO,401(k) 8%,22.6,10.5,No,PhD,Purdue University,English,TMS; Customs brokerage; Incoterms,Customs Broker License,M,,C02CCBLZ4UT0,B-90742,,,Converted from contractor
MF00089,c79b469f-d4f7-7a1b-a37a-b09aa5aaa405,Carlos,,Baker,,,,1971-01-29,Married,2,American,,Protected veteran,No,,carlos.baker@meridianfreight.example,carlos_baker@outlook.com,+1 (312) 555-0100 ext. 1856,+1 (772) 555-0163,4615 Cedar Ln,,Chicago,IL,60630,United States,Betty Adams,Sibling,+1 (546) 555-0167,993-81-2216,,,,Citizen,,,,,,,2009-10-18,2009-10-18,2009-10-18,2010-01-16,Active,,,,,,,Full-time,,1.0,40.0,,Hybrid,"Senior Manager, Operations",M1,Logistics Operations,Operations,Operations,CC-410-CHI,Meridian Freight Inc.,Chicago HQ,"233 S Wacker Dr, Chicago, IL 60606",America/Chicago,MF00030,Mike Lee,mike.lee@meridianfreight.example,Salaried,Exempt,Bi-weekly,USD,99300.00,,15,,1500,2026-06-16,2.6,2025-11-23,Meets expectations,Bank of America,,069044063,110012077,Married filing jointly,HDHP + HSA,401(k) 4%,1.1,2.0,No,High school diploma,,English,TMS; Customs brokerage; Incoterms,,,,C0228STU2R8N,B-36509,CHI-P3-200,,Returning after parental leave
MF00090,d2af4853-86b8-7ae8-82a7-1fa29f636317,Betty,,Sanchez,,she/her,Female,1965-06-14,Married,4,American,Prefer not to say,Not a protected veteran,Prefer not to say,,betty.sanchez@meridianfreight.example,bettysanchez@yahoo.com,,+1 (513) 555-0101,1115 Cedar Ln,,Naperville,IL,60525,United States,Susan Sanchez,Spouse,+1 (293) 555-0138,931-87-2305,,A7209939,2034-10-01,Citizen,,,,,,,2018-09-24,2018-09-24,2018-09-24,2018-12-23,On leave,Parental leave,2026-06-13,2026-09-24,,,,Full-time,,1.0,40.0,,Remote,"Senior Manager, Operations",M2,Logistics Operations,Operations,Operations,CC-410-CHI,Meridian Freight Inc.,Chicago HQ,"233 S Wacker Dr, Chicago, IL 60606",America/Chicago,MF00030,Mike Lee,mike.lee@meridianfreight.example,Salaried,Exempt,Bi-weekly,USD,133200.00,,20,,,2024-12-01,6.6,2026-05-15,Meets expectations,PNC,,073172784,417257514,Married filing jointly,PPO Silver,401(k) 4%,12.1,7.7,No,MBA,University of Toronto,English,Incoterms; Route optimisation; Customs brokerage,,XS,,C02XHWUTJADZ,B-57165,CHI-P3-226,,Returning after parental leave
MF00091,e9bed883-ca33-7af8-8c82-425800e22659,Christopher,R.,Martinez,,he/him,Male,1971-01-24,,0,American,,Protected veteran,No,,christopher.martinez@meridianfreight.example,christopher.martinez6@outlook.com,,+1 (770) 555-0115,8806 Park Pl,,Evanston,IL,60233,United States,Joshua Sanchez,Friend,+1 (666) 555-0120,997-82-8709,,N9009347,2030-12-09,Citizen,,,,,,,2005-12-02,2005-12-02,2005-12-02,2006-03-02,Active,,,,,,,Full-time,,1.0,40.0,,Hybrid,"Manager, Operations",M2,Logistics Operations,Operations,Operations,CC-410-CHI,Meridian Freight Inc.,Chicago HQ,"233 S Wacker Dr, Chicago, IL 60606",America/Chicago,MF00030,Mike Lee,mike.lee@meridianfreight.example,Salaried,Exempt,Bi-weekly,USD,149800.00,,20,,11500,2025-02-21,8.7,2026-03-22,Meets expectations,US Bank,,084606528,981042511,Single,PPO Silver,401(k) 4%,27.3,1.7,No,Bachelor's degree,Universidad Complutense de Madrid,English,TMS; Customs brokerage; Route optimisation,,XS,Vegan,C025BQ38J7DD,B-50896,,,
MF00092,90f8adbc-81c7-75e7-a322-6ef5716ab92a,Jamal,,Roberts,,he/him,Male,1989-06-28,Married,0,American,Prefer not to say,Not a protected veteran,No,,jamal.roberts@meridianfreight.example,jamal.roberts16@hotmail.com,,+1 (953) 555-0111,6325 Maple Ave,,Marietta,GA,30022,United States,Madison Roberts,Spouse,+1 (971) 555-0145,940-79-8422,,C7085785,2027-11-15,Citizen,,,,L507-2851-9734,,,2018-06-19,2018-06-19,2018-06-19,2018-09-17,Active,,,,,,,Full-time,,1.0,40.0,,Onsite,"Senior Manager, Operations",M2,Logistics Operations,Operations,Operations,CC-410-ATL,Meridian Freight Inc.,Atlanta Hub,"1600 Aviation Blvd, Atlanta, GA 30354",America/New_York,MF00031,Betty Carter,betty.carter@meridianfreight.example,Salaried,Exempt,Bi-weekly,USD,162200.00,,20,,9000,2025-12-03,8.3,2026-05-19,Meets expectations,Citibank,,084529799,493771884,Head of household,PPO Silver,401(k) 5%,21.2,10.0,No,PhD,Visvesvaraya Technological University,English,Incoterms; TMS; Customs brokerage,,S,,C02XZ96XHFQ3,B-78628,ATL-P2-094,,Referred by an employee
MF00093,e7e26997-2a4b-7c91-a9d5-e8b9fcebcd58,Joseph,,Chen,,he/him,Male,1971-05-19,Widowed,3,American,Asian,Prefer not to say,Prefer not to say,,joseph.chen@meridianfreight.example,joseph.chen97@proton.me,+1 (312) 555-0100 ext. 2817,+1 (720) 555-0165,9102 Willow Way,,Decatur,GA,30034,United States,Tyler Chen,Mother,+1 (447) 555-0164,987-86-8423,,,,Citizen,,,,,,,2016-10-20,2016-10-20,2016-10-20,2017-01-18,Active,,,,,,,Full-time,,1.0,40.0,,Remote,"Manager, Operations",M2,Logistics Operations,Operations,Operations,CC-410-ATL,Meridian Freight Inc.,Atlanta Hub,"1600 Aviation Blvd, Atlanta, GA 30354",America/New_York,MF00031,Betty Carter,betty.carter@meridianfreight.example,Salaried,Exempt,Bi-weekly,USD,171400.00,,20,,,2025-08-15,7.1,2026-01-05,Meets expectations,Wells Fargo,,037527512,245653615,Single,PPO Gold,401(k) 3%,11.1,4.9,No,Master's degree,Georgia Tech,English,Route optimisation; TMS; Customs brokerage,CSCP,L,,C02Y2UDSK921,B-65765,ATL-P3-031,,Converted from contractor
MF00094,430ddacf-65db-7308-ae0b-5c3a81d8f200,Sarah,B.,Rivera,,she/her,Female,2003-08-21,Single,0,American,White,Prefer not to say,Yes,,sarah.rivera@meridianfreight.example,sarahrivera@gmail.com,,+1 (595) 555-0121,7650 Willow Way,Flat 3,Marietta,GA,30009,United States,Mark Rivera,Sibling,+1 (682) 555-0162,993-87-3259,,B3982071,2032-06-18,Citizen,,,,,,,2025-04-06,2025-04-06,2025-04-06,2025-07-05,Active,,,,,,,Full-time,,1.0,40.0,,Hybrid,"Team Lead, Operations",M1,Logistics Operations,Operations,Operations,CC-410-ATL,Meridian Freight Inc.,Atlanta Hub,"1600 Aviation Blvd, Atlanta, GA 30354",America/New_York,MF00031,Betty Carter,betty.carter@meridianfreight.example,Salaried,Exempt,Bi-weekly,USD,105000.00,,15,,22500,2026-01-12,5.2,2026-02-10,Outstanding,Chase,,050355130,966089131,Single,PPO Silver,401(k) 4%,13.8,4.8,No,Bachelor's degree,Universidad Complutense de Madrid,English,Incoterms; TMS; Customs brokerage,Customs Broker License,XXL,,C02SFU7AH4LQ,B-12240,ATL-P3-182,https://www.linkedin.com/in/sarah-rivera-934,
MF00095,57b79ca0-ae1f-7fd7-a1d3-50c530c097fc,Linda,J.,Brown,,she/her,Female,1983-01-15,,1,Mexican,Black or African American,Not a protected veteran,No,,linda.brown@meridianfreight.example,linda.brown54@yahoo.com,+1 (312) 555-0100 ext. 4544,+1 (653) 555-0125,5556 Washington Blvd,,Decatur,GA,30096,United States,Mary Brown,Mother,+1 (293) 555-0107,920-79-8188,,,,Work permit,H-1B,E98298582,2027-01-01,,,,2026-06-20,2026-06-20,2026-06-20,2026-09-18,Active,,,,,,,Full-time,,1.0,40.0,,Hybrid,"Manager, Operations",M2,Logistics Operations,Operations,Operations,CC-410-ATL,Meridian Freight Inc.,Atlanta Hub,"1600 Aviation Blvd, Atlanta, GA 30354",America/New_York,MF00031,Betty Carter,betty.carter@meridianfreight.example,Salaried,Exempt,Bi-weekly,USD,164600.00,,20,,21500,,,,,Chase,,077668623,930212310,Single,PPO Silver,401(k) 10%,9.7,0.9,No,Bachelor's degree,University of Toronto,English; Polish,Route optimisation; TMS; Customs brokerage,,,,C02SEF3KM2FF,B-21280,,,Converted from contractor
MF00096,230eec4b-258c-73f8-b1d9-3a4033b2b8dd,William,A.,Sanchez,Will,he/him,Male,1988-03-19,Single,0,American,Hispanic or Latino,Protected veteran,Yes,,will.sanchez@meridianfreight.example,willsanchez40@outlook.com,+1 (312) 555-0100 ext. 3213,+1 (696) 555-0178,5544 Elm St,,College Park,GA,30347,United States,Brittany Sanchez,Sibling,+1 (985) 555-0107,990-72-6769,,M8407828,2034-04-21,Citizen,,,,,,,2009-12-21,2009-12-21,2009-12-21,2010-03-21,Active,,,,,,,Full-time,,1.0,40.0,,Hybrid,"Senior Manager, Operations",M1,Logistics Operations,Operations,Operations,CC-410-ATL,Meridian Freight Inc.,Atlanta Hub,"1600 Aviation Blvd, Atlanta, GA 30354",America/New_York,MF00031,Betty Carter,betty.carter@meridianfreight.example,Salaried,Exempt,Bi-weekly,USD,97200.00,,15,,1000,2026-01-25,5.3,2026-05-06,Meets expectations,Wells Fargo,,048351252,282978237,Head of household,Waived,401(k) 4%,10.7,3.8,No,Vocational certificate,,English,TMS; Route optimisation; Incoterms,,S,,C02ZCEJ1A1KV,B-76455,,,Returning after parental leave
MF00097,66256960-50c8-7334-b1bc-5902e15bca08,Steven,L.,Campbell,,he/him,Male,1984-12-18,Married,2,American,Two or more races,Not a protected veteran,No,,steven.campbell@meridianfreight.example,stevencampbell@gmail.com,+1 (312) 555-0100 ext. 4267,+1 (235) 555-0196,4624 Oak St,3º Izq.,Atlanta,GA,30315,United States,Sarah Campbell,Father,+1 (474) 555-0146,998-80-1683,,N4139601,2029-03-25,Citizen,,,,,,,2022-05-13,2022-05-13,2022-05-13,2022-08-11,Active,,,,,,,Full-time,,1.0,40.0,,Onsite,"Team Lead, Operations",M2,Logistics Operations,Operations,Operations,CC-410-ATL,Meridian Freight Inc.,Atlanta Hub,"1600 Aviation Blvd, Atlanta, GA 30354",America/New_York,MF00031,Betty Carter,betty.carter@meridianfreight.example,Salaried,Exempt,Bi-weekly,USD,153800.00,,20,,20000,2026-07-18,3.5,2026-09-05,Meets expectations,Citibank,,012110163,470351069,Head of household,PPO Silver,401(k) 6%,5.9,5.1,No,Bachelor's degree,Purdue University,English,TMS; Customs brokerage; Route optimisation,CSCP,M,,C02VY4TLX3R7,B-96359,,https://www.linkedin.com/in/steven-campbell-199,
MF00098,ef96b6dd-6284-7213-8f7c-d45415fb873f,David,,Chen,,he/him,Male,1998-07-29,Married,4,American,Prefer not to say,Prefer not to say,No,,david.chen@meridianfreight.example,david.chen@hotmail.com,+1 (312) 555-0100 ext. 2464,+1 (328) 555-0197,7224 Cedar Ln,,Plano,TX,75074,United States,Jessica Young,Friend,+1 (584) 555-0102,996-71-7610,,L5015186,2035-08-19,Citizen,,,,W651-3063-3681,,,2018-07-30,2018-07-30,2018-07-30,2018-10-28,Active,,,,,,,Full-time,,1.0,40.0,,Hybrid,"Senior Manager, Operations",M1,Logistics Operations,Operations,Operations,CC-410-DAL,Meridian Freight Inc.,Dallas Distribution Center,"2400 Aviation Dr, DFW Airport, TX 75261",America/Chicago,MF00032,Carlos Thomas,carlos.thomas@meridianfreight.example,Salaried,Exempt,Bi-weekly,USD,110700.00,,15,,,2025-06-29,2.2,2026-07-03,Meets expectations,US Bank,,020332003,563744055,Married filing jointly,Waived,401(k) 10%,17.0,1.9,No,Vocational certificate,,English; Portuguese,Route optimisation; Incoterms; Customs brokerage,,L,,C02W8CFNKHLH,B-87114,,,Referred by an employee
MF00099,5bf84702-cc73-76db-a1d8-fb95af1aef8a,Matthew,,Scott,Matt,he/him,Male,1980-08-01,Divorced,3,American,Black or African American,Not a protected veteran,No,,matt.scott@meridianfreight.example,matt.scott@icloud.com,,+1 (391) 555-0147,2858 Lakeview Dr,,Arlington,TX,76036,United States,Keisha Scott,Sibling,+1 (466) 555-0122,952-74-5012,,L7036242,2030-03-23,Citizen,,,,,,,2005-04-19,2005-04-19,2005-04-19,2005-07-18,Terminated,,,,2005-10-22,Resignation - personal,Yes,Full-time,,1.0,40.0,,Hybrid,"Senior Manager, Operations",M2,Logistics Operations,Operations,Operations,CC-410-DAL,Meridian Freight Inc.,Dallas Distribution Center,"2400 Aviation Dr, DFW Airport, TX 75261",America/Chicago,MF00032,Carlos Thomas,carlos.thomas@meridianfreight.example,Salaried,Exempt,Bi-weekly,USD,153400.00,,20,,15500,2026-07-02,5.5,2026-02-25,Outstanding,Chase,,016431112,161823758,Married filing jointly,PPO Gold,401(k) 4%,26.4,9.3,No,Vocational certificate,,English,Route optimisation; Customs brokerage; Incoterms,APICS CLTD,M,,C02KUUQCNRH2,B-58102,DAL-P1-158,,
MF00100,871c07a7-cfd9-7a36-afad-ee4336301e8e,Robert,C.,Walker,Bob,they/them,Non-binary,1967-04-18,Single,0,American,,Protected veteran,No,,bob.walker@meridianfreight.example,bob.walker45@outlook.com,,+1 (289) 555-0193,1793 Washington Blvd,Unit 12,Plano,TX,75070,United States,Karen Thomas,Sibling,+1 (783) 555-0102,960-75-7498,,,,Citizen,,,,,,,2011-10-27,2011-10-27,2011-10-27,2012-01-25,Active,,,,,,,Full-time,,1.0,40.0,,Onsite,"Manager, Operations",M2,Logistics Operations,Operations,Operations,CC-410-DAL,Meridian Freight Inc.,Dallas Distribution Center,"2400 Aviation Dr, DFW Airport, TX 75261",America/Chicago,MF00032,Carlos Thomas,carlos.thomas@meridianfreight.example,Salaried,Exempt,Bi-weekly,USD,165800.00,,20,,21500,2025-04-07,3.4,2026-07-18,Exceeds expectations,Citibank,,075977275,349419417,Head of household,Waived,401(k) 4%,27.9,10.8,No,Bachelor's degree,UT Austin,English,Incoterms; TMS; Customs brokerage,CSCP,L,,C02R4BNSQAB2,B-64477,,https://www.linkedin.com/in/bob-walker-667,Internal transfer
